종목코드,종목명,현재가(원),거래량,1개월,3개월,1년,상대강도
395270,HANARO Fn K-반도체,58500,1059574,0.006538196834136256,-0.11751395383919139,2.355319759105248,99
474590,WON 반도체밸류체인액티브,50215,18651,0.13071380319747794,0.01127781693686436,2.0768995098039214,99
367760,RISE 네트워크인프라,62110,103183,0.04827004219409292,-0.08141684537454708,2.5410490307867732,99
0005G0,IBK K-AI반도체코어테크,56425,12877,0.08124940116891821,0.024884206702388445,2.2250228623685415,99
091230,TIGER 반도체,154900,173830,0.11849230991407311,0.025678377984664547,1.7515276396191557,98
139260,TIGER 200 IT,139115,451348,-0.012668559261887813,-0.1277728315798713,2.074432584145506,98
494220,UNICORN SK하이닉스밸류체인액티브,52610,55920,0.09206019719771663,0.00573504110112788,1.8938393839383938,98
266370,KODEX IT,72650,13315,0.046829971181556296,-0.056493506493506485,1.8944223107569722,98
487750,BNK 온디바이스AI,36000,3541,0.17359413202933993,0.06793236428359539,1.9764365440264573,98
442580,PLUS 글로벌HBM반도체,103830,887096,0.013074446287442587,-0.12353859789811339,2.2630421118793214,98
469150,ACE AI반도체TOP3+,64000,344277,0.06577851790174849,0.009543339380077231,1.6868178001679262,97
471990,KODEX AI반도체핵심장비,31365,2934036,0.251346499102334,0.36328074064415183,1.1948915325402378,97
475300,SOL 반도체전공정,27290,3072583,0.23066516347237886,0.21966480446927372,1.3127118644067797,97
471780,TIGER 코리아테크액티브,39260,106823,0.08303448275862069,-0.010709336021166638,1.6872005475701575,97
395160,KODEX AI반도체TOP2플러스,41000,2901897,0.0037948341290243714,-0.12626531699520516,1.6727509778357237,97
091160,KODEX 반도체,146190,1337035,0.11425304878048781,0.01831986625801063,1.705218356772761,97
0093A0,RISE AI반도체TOP10,37390,93577,0.10457902511078276,0.07969968235633851,1.371709483032033,96
486240,DAISHIN AI반도체&인프라액티브,31280,471,0.0712328767123287,-0.012314493211240896,1.3696969696969696,96
469790,KIWOOM 코리아테크TOP10,42595,215,-0.03445540065737274,-0.11546049216073095,1.5262439950180893,96
487130,KoAct AI인프라액티브,31275,7223,0.07511172224132001,0.04581173716769782,1.2275641025641026,96
367740,HANARO Fn5G산업,44990,455,0.027872972355494685,0.03771191327413215,1.4853607336205945,96
446690,KODEX 아시아AI반도체exChina액티브,64565,6609,0.06525325853819508,-0.06214139418677278,1.6310105949470253,96
494330,ACE 라이프자산주주가치액티브,32050,375720,-0.028787878787878807,-0.013876496107812053,1.3022771352632714,96
289250,TIGER MSCI KOREA ESG유니버설,34720,2,-0.024582104228121904,-0.10198380880945612,1.2641017280730353,95
469050,RISE 미국반도체NYSE(H),34745,34389,0.10196638122423085,0.021671371442013587,0.9369494926970676,95
464600,SOL 자동차소부장Fn,24505,6387,0.047222222222222276,-0.006889564336372889,1.3653474903474905,95
455850,SOL AI반도체소부장,31200,5722249,0.2415439713489853,0.30325814536340845,0.875,95
298770,KODEX 한국대만IT프리미어,83580,9088,0.011252268602540916,-0.07432634481842049,1.2750285807610648,95
475310,SOL 반도체후공정,33625,1021271,0.22540087463556846,0.31940357072787906,1.062883435582822,95
388420,RISE 비메모리반도체액티브,31065,73638,0.14630996309963096,-0.018390368755332287,0.940592203898051,94
261060,TIGER 코스닥150IT,29500,33418,0.23044838373305532,0.2550521165709423,0.7317287936601116,94
290130,RISE ESG사회책임투자,46590,41939,-0.036700093042489446,-0.1353006681514477,1.3283358320839582,94
289040,KODEX MSCI KOREA ESG유니버설,33425,15,-0.02650356778797147,-0.09375593091668244,1.201185380309516,94
423170,SOL 글로벌AI반도체탑픽액티브,59245,13247,0.028648320166681174,-0.1137621540762902,1.1242380781642165,94
457990,PLUS 태양광&ESS,38990,420858,0.0889540566959921,0.17563696668174278,1.1121343445287106,94
326240,RISE IT플러스,45460,558,0.024104528046857476,-0.0401182432432432,1.0767473732297854,93
337160,KODEX 200ESG,46350,6421,-0.052921945239068235,-0.1423019985196151,1.2377251001786318,93
275290,KODEX 가치주,33530,763,-0.04676616915422882,-0.11649231904297652,1.1994096425057394,93
380340,ACE 코리아AI테크핵심산업,27880,5367,-0.0334546715201941,-0.07051175195865977,1.0454878943506971,93
396500,TIGER 반도체TOP10,38200,7988454,0.030482870245481575,-0.07673716012084597,1.2061796130522668,93
479620,SOL 미국AI반도체칩메이커,27200,31923,0.13050706566916048,-0.07293796864349011,0.8719889883000689,93
289260,TIGER MSCI KOREA ESG리더스,28275,615,-0.04573067836652045,-0.09894837476099427,1.0179132172423637,92
483320,ACE 엔비디아밸류체인액티브,25970,34356,0.07136963696369647,-0.06917562724014337,0.9295638606137158,92
138520,TIGER 삼성그룹,35160,7980,-0.05598066854611361,-0.10818008877615726,1.1141242258433048,92
122090,PLUS 코스피50,79680,26281,-0.04339996398343238,-0.15120267592730685,1.1731304205531008,92
275300,KODEX 우량주,29420,2796,-0.03477690288713908,-0.12601746776780942,1.181521577932671,92
102780,KODEX 삼성그룹,25885,249558,-0.03215554309216673,-0.09382110974969371,1.1130612244897957,92
476260,HANARO 반도체핵심공정주도주,15710,653494,0.22590714007023016,0.14088598402323882,0.6757333333333333,92
385590,ACE ESG액티브,23445,1392,-0.044815644734161775,-0.09180708890180123,1.0193798449612403,91
391670,HK 베스트일레븐액티브,28330,163,-0.02962836102072275,-0.1262914417887433,1.0560272879018795,91
0101N0,RISE AI전력인프라,21180,286134,0.056359102244389,0.04644268774703564,0.8578947368421053,91
156080,KODEX MSCI Korea,50690,2069,-0.043584905660377316,-0.13988529541521022,1.1259016943465863,91
469060,RISE 미국반도체NYSE,37205,8759,0.10564635958395252,-0.10078549848942597,0.8894418769996446,91
496120,ACE 코리아밸류업,32130,3595,-0.051092734790313066,-0.13442887931034486,1.135735176814677,91
292150,TIGER 코리아TOP10,36845,1406629,-0.051364572605561265,-0.15564773013726885,1.1728489709264611,90
237350,KODEX 코스피100,84550,153777,-0.04355203619909498,-0.14664055955348765,1.0847716737350823,90
381560,HANARO Fn전기&수소차,17220,1681,-0.03176834411020524,-0.043970686209193866,0.9444444444444444,90
0098Z0,FOCUS 200,90985,18,-0.03592052980132454,-0.12549739528267434,1.0428164080917846,90
140950,파워 코스피100,82790,579,-0.04904663450493907,-0.15076727392089284,1.07931484830219,90
153270,KIWOOM 코스피100,81325,1566,-0.047381984303619507,-0.14412755209429595,1.0727138342338667,90
446770,ACE 글로벌반도체TOP4 Plus,80225,57443,0.03972265422498711,-0.11611431845224984,0.9363987448708666,89
495330,1Q 코리아밸류업,30645,2429,-0.0531145717463849,-0.14401832351051647,1.0803068359242416,89
496090,KIWOOM 코리아밸류업,30750,5541,-0.059633027522935755,-0.14388328971546305,1.077983511285309,89
495040,PLUS 코리아밸류업,30430,2651,-0.05757378673851776,-0.13827768810353125,1.0666938331975007,89
325010,KODEX 성장주,42655,3884,-0.024247969804415015,-0.11550025920165885,1.0035227806481917,89
491700,HK 200,107245,560,-0.04091396887855481,-0.1310213507272212,1.0382583244640413,89
442090,에셋플러스 코리아대장장이액티브,31820,310,0.06190555648256302,0.020035262061227854,0.8414351851851851,89
495050,RISE 코리아밸류업,30775,116661,-0.06185221314473843,-0.14920380404732947,1.0648819108964038,88
159800,마이티 코스피100,83590,480,-0.048870683279285454,-0.14200667179881965,1.0380348652931852,88
442260,마이티 다이나믹퀀트액티브,37080,39,-0.04482225656877903,-0.13181924607820183,1.0196078431372548,88
275280,KODEX 모멘텀주,42020,1306,-0.03090405904059046,-0.13289310771770535,0.9859161586086298,88
148020,RISE 200,106515,1461856,-0.04590648513077755,-0.14469140957489524,1.0328065956715906,88
102110,TIGER 200,105915,11469745,-0.046068630099972974,-0.14369911633209098,1.0354960218318792,88
069660,KIWOOM 200,105490,251499,-0.04758035391838211,-0.14375000000000004,1.0289659947684258,87
472840,IBK 200,105135,944,-0.04635130844936275,-0.1341497562261168,1.0202728670253651,87
152100,PLUS 200,107280,433519,-0.046060821625466875,-0.1431788957486403,1.0282840505180366,87
100910,KIWOOM KRX100,16590,330,-0.05631399317406138,-0.15027658266748622,1.0466321243523318,87
069500,KODEX 200,105650,23162524,-0.04665222883955966,-0.14426418059144186,1.0292722278777635,87
293180,HANARO 200,105880,33793,-0.0474134053081422,-0.14431415017335159,1.0278086336997738,87
0007N0,아이엠에셋 200,106245,149,-0.047514456049128184,-0.14698278630612116,1.0257593379983603,86
152870,파워 200,106590,12555,-0.04783599088838264,-0.14317409024043215,1.0263102864855616,86
496080,TIGER 코리아밸류업,30635,113065,-0.06111128137546351,-0.14722748023605392,1.060742634198843,86
108450,ACE 삼성그룹섹터가중,39385,6230,-0.021490683229813623,-0.06836191602602015,0.9353808353808353,86
495850,KODEX 코리아밸류업,30535,71938,-0.06144341304481471,-0.14813781559492256,1.0613650172146087,86
494890,KODEX 200액티브,30455,773796,-0.04679186228482002,-0.14608159259778497,1.0257416522548888,86
105190,ACE 200,105965,403816,-0.04591905640840954,-0.14324638993547967,1.0272235082550556,86
495750,HANARO 코리아밸류업,30300,162,-0.06912442396313367,-0.15558899757545352,1.05159455616494,85
495230,KoAct 코리아밸류업액티브,30375,15240,-0.031687334629729946,-0.137514907149753,1.025,85
451060,1Q 200액티브,33895,108553,-0.04467305524239007,-0.14434655289930076,1.0161194384963124,85
0104N0,TIGER 200타겟위클리커버드콜,20410,63583,-0.03925814347580492,-0.1414630042485172,0.9916081186572989,85
434960,DAISHIN K200,106335,76,-0.047220106626047254,-0.1473965265639282,1.030456368149704,85
448100,WON 200,108040,28042,-0.05114873884634297,-0.15076245873290361,1.0162735144819348,85
480310,TIGER 글로벌온디바이스AI,21475,15437,0.12848134524435095,-0.07367467540870465,0.6317149152799939,84
292160,TIGER KRX300,47315,240,-0.04075012671059297,-0.12520568713369207,0.9576730522570234,84
381180,TIGER 미국필라델피아반도체나스닥,45145,1376475,0.09548653239504978,-0.09996212045694686,0.7857284126419051,84
402460,HANARO Fn K-메타버스MZ,14110,114,-0.06027306027306023,-0.08329002079002079,0.7404711977303564,84
472150,TIGER 배당커버드콜액티브,19510,4869267,-0.03654320987654325,-0.1298724467041299,0.9144343047787262,84
470310,UNICORN 생성형AI강소기업액티브,17870,345,-0.052994170641229466,0.06084891659246061,0.6607806691449813,84
376410,TIGER 탄소효율그린뉴딜,23970,264,-0.0354124748490946,-0.10912064223593254,0.921905067350866,83
449690,TIGER 한중반도체(합성),48225,47,0.0031201248049921304,-0.21984955107983495,0.9297719087635055,83
375770,KODEX 탄소효율그린뉴딜,24260,483,-0.03920792079207924,-0.10377184232886327,0.9326057516131603,83
292190,KODEX KRX300,47105,4526,-0.03542541210197603,-0.12421447960435805,0.9605027677196487,83
292050,RISE KRX300,48315,59,-0.044024535021764954,-0.12654795263490914,0.9466940650308231,83
292500,SOL KRX300,48090,47,-0.043365824547443754,-0.1267160601438222,0.9547985854233567,83
337140,KODEX 코스피대형주,35410,5588,-0.03933803581117745,-0.12950489207925664,0.9234111895708854,82
413930,WON AI ESG액티브,27060,88,-0.03769559032716929,-0.13546325878594245,0.9239246356203341,82
140700,KODEX 보험,19955,47652,-0.07077997671711289,0.012070801846122636,0.6398224997945599,82
491830,TIGER 미국AI반도체팹리스,23670,37053,0.12821734985700672,-0.042901621446767235,0.5260137966604346,82
304760,HANARO KRX300,45735,69,-0.045596828046744586,-0.13630955753215113,0.9388274195599644,82
476850,KoAct 배당성장액티브,21295,61134,-0.019657490102200526,-0.0833369204941673,0.8509343763581052,82
277640,TIGER 코스피대형주,36650,16103,-0.03881458169420404,-0.12846000190240658,0.9129390886789499,82
365040,TIGER AI코리아그로스액티브,35430,6049,-0.038665038665038676,-0.11997019374068552,0.885075818036712,81
473490,KIWOOM 글로벌AI반도체,33840,32588,0.16168898043254387,-0.04901079136690645,0.5884340968832145,81
450190,KODEX 한중반도체(합성),47895,23,-0.012576023090403066,-0.2283711938134364,0.8900947119179163,81
494340,ACE 글로벌AI맞춤형반도체,21080,12853,0.1617525489115459,-0.1373030489052588,0.6342352120319406,81
105780,RISE 5대그룹주,15920,3602,-0.06545347813325508,-0.15319148936170213,0.9146121467227901,81
213610,KODEX 삼성그룹밸류,21645,20728,-0.04689564068692209,-0.10056098067733221,0.8468430034129693,81
364690,KODEX 혁신기술테마액티브,37840,537,-0.044806260254953933,-0.14200848014874268,0.914204775394577,80
390390,KODEX 미국반도체,56505,816541,0.08663461538461537,-0.08275570994919079,0.6977135474566596,80
375760,HANARO 탄소효율그린뉴딜,23385,192,-0.051895398337725496,-0.13031351110119382,0.890613630851322,80
337120,KODEX 멀티팩터,33805,18,-0.03689458689458691,-0.13220382492619687,0.899584176219375,80
461340,HANARO 글로벌생성형AI액티브,44530,935,0.08689284842567724,-0.05905969360802954,0.5785182559376107,80
385720,TIME 코스피액티브,24975,29279,-0.03197674418604646,-0.1337148803329865,0.8898978433598184,80
0094M0,RISE 코리아밸류업위클리고정커버드콜,16680,3389595,-0.04319394252280162,-0.09983810037776575,0.8193717277486912,79
498400,KODEX 200타겟위클리커버드콜,19805,10080760,-0.03639371381306866,-0.13812611514861395,0.854227132290984,79
495060,TIME 코리아밸류업액티브,27240,56307,-0.048218029350104774,-0.200586940572267,0.933972310969116,79
228820,TIGER KTOP30,18430,6800,-0.03507853403141359,-0.08852621167161223,0.7675266135993095,79
403790,MIDAS 코스피액티브,56300,18900,-0.04251700680272108,-0.1289549005956525,0.8301800923216955,79
227830,PLUS 코스피,69290,186,-0.03870699223085461,-0.1179540709812108,0.8112665011109659,79
418670,TIGER 글로벌AI사이버보안,19370,148283,0.14955489614243334,0.03114186851211076,0.29982552677492946,79
277630,TIGER 코스피,69690,140721,-0.04206185567010312,-0.12962569783561673,0.8079696985420017,78
395760,PLUS ESG성장주액티브,21150,57,-0.021512838306731452,-0.0780296425457716,0.7479338842975207,78
360140,KODEX 200롱코스닥150숏선물,20110,15870,-0.128682842287695,-0.18894938495664448,0.6906263135771333,78
229720,KODEX KTOP30,36525,1472,-0.03487911216805395,-0.10576569959603377,0.7630448423999614,78
302450,RISE 코스피,69070,108071,-0.045467108899944764,-0.13195928113610655,0.8118147001731284,78
226490,KODEX 코스피,68740,387133,-0.04068104109971393,-0.1283507899875732,0.8065228246301017,78
404260,KODEX 기후변화솔루션,24025,70,-0.018386108273748758,-0.026815732976870454,0.6663198779303647,77
395750,PLUS ESG가치주액티브,20050,6,-0.03675234206101374,-0.12003511081852092,0.7665198237885462,77
0051A0,KoAct 브로드컴밸류체인액티브,24980,2338,0.09465381244522342,-0.06756252332960055,0.64938923737207,77
305050,ACE 코스피,69550,2509,-0.03763664037636638,-0.12123317960705038,0.7936814958091554,77
385600,ACE 2차전지&친환경차액티브,12080,7118,0.0024896265560165887,0.004991680532445919,0.6457765667574933,77
465660,TIGER 일본반도체FACTSET,26510,11090,0.08336738863914994,-0.13178751555642887,0.6740338469310432,77
483340,ACE 구글밸류체인액티브,22995,51941,0.0978753879207448,-0.11336032388663964,0.6412104774819785,76
456600,TIME 글로벌AI인공지능액티브,57705,144343,-0.0014708427063505614,-0.13303786057692313,0.4694049043823687,76
453950,TIGER TSMC파운드리밸류체인,34780,9625,0.08146766169154218,-0.13049999999999995,0.6746918335901386,76
488290,MIDAS 일본테크액티브,46530,136,0.0768340661883824,-0.12734433608402096,0.6180970927806371,76
404650,SOL KRX기후변화솔루션,23720,23,-0.02687179487179492,-0.03920933246921576,0.6431144361318926,76
469160,ACE 일본반도체,26295,3238,0.06500607533414349,-0.1601724688597892,0.7221167070535071,76
385520,KODEX 자율주행액티브,16255,7338,0.019441831295076817,-0.03330359797799587,0.7431635388739946,76
404540,TIGER KRX기후변화솔루션,23745,9787,-0.029628116060482212,-0.03647946761889309,0.6342050929112182,75
497570,TIGER 미국필라델피아AI반도체나스닥,22900,242344,0.09412326803631155,-0.07178468647399783,0.5109527579836368,75
238720,ACE 일본Nikkei225(H),50315,1328,0.04117951370926032,0.012883744338198388,0.4617529996223235,75
223190,KODEX 200가치저변동,26750,1224,-0.06599162011173187,-0.0902907668763816,0.695828578673767,75
266160,RISE 고배당,31925,13660,-0.05196733481811433,-0.13774476704929106,0.7393080904385727,75
0005D0,SOL 전고체배터리&실리콘음극재,17210,2321772,0.1691576086956521,0.2214336408800568,0.4276233927830775,75
487240,KODEX AI전력핵심설비,34025,3540182,-0.06819115432014244,-0.10181616598912413,0.7659729070431307,74
480040,ACE 미국반도체데일리타겟커버드콜(합성),15180,250174,0.09840810419681612,-0.11805716941668598,0.628056628056628,74
491820,HANARO 전력설비투자,40910,71970,-0.06341575091575091,-0.1014715572150231,0.7660263328296999,74
266390,KODEX 경기소비재,14410,1577,-0.06428571428571428,-0.12369253223060084,0.5380510193190309,74
138530,TIGER LG그룹플러스,11935,37086,-0.060975609756097615,-0.000837170364169082,0.4875981553035025,74
404120,TIME K신재생에너지액티브,25445,2144,0.010123064708217555,-0.009922178988326813,0.5296062518785694,74
325020,KODEX 배당가치,28045,3809,-0.062040133779264206,-0.08112447167523995,0.6042214849559546,73
276650,RISE 글로벌테크놀로지(합성 H),49085,250,0.05832255282449328,0.07125709297250116,0.3062164032146468,73
117700,KODEX 건설,6415,1911611,-0.08357142857142852,0.0061166875784191,0.6033491627093226,73
471760,TIGER AI반도체핵심공정,16920,1271931,0.1636863823933976,0.13595166163142003,0.39087546239210846,73
244620,KODEX 모멘텀Plus,21570,3576,0.05605875152998774,-0.024423337856173677,0.45145010429984533,73
279540,KODEX 최소변동성,21435,54,-0.0025593299208934717,-0.04839067702552724,0.5641418563922942,73
385510,KODEX 신재생에너지액티브,40930,80151,0.06463779425152816,0.147302032235459,0.45866001425516756,73
139250,TIGER 200 에너지화학,18150,43529,-0.018918918918918948,0.06445369773033849,0.4262140499764262,72
448570,FOCUS AI코리아액티브,28745,25,-0.06322307316278308,-0.11157471797249263,0.6249293386093839,72
314250,KODEX 미국빅테크10(H),65535,76160,0.0412297426120114,0.1350607063061815,0.17665541511060034,72
139220,TIGER 200 건설,7270,246060,-0.09351620947630923,-0.05584415584415581,0.617352614015573,72
131890,ACE 삼성그룹동일가중,38500,1850,-0.057642883368008824,-0.08724513987671878,0.5928837401737692,72
140570,RISE 수출주,25320,317,-0.04290304290304292,-0.024089419926768163,0.4973388527498521,72
457930,BNK 미래전략기술액티브,27895,3,-0.003750000000000031,-0.046487779866689505,0.5618701007838747,71
464920,PLUS 일본반도체소부장,25840,44318,0.08708456037021461,-0.10121739130434781,0.5335311572700296,71
485690,RISE 미국AI밸류체인TOP3Plus,23070,27007,0.07103064066852371,-0.0330692820319376,0.3140806561859193,71
0008T0,SOL 화장품TOP3플러스,16760,1136892,-0.07658402203856751,0.07092651757188495,0.23480439107050755,71
441800,TIME Korea플러스배당액티브,27500,199585,-0.05371460032345754,-0.13909150674639204,0.6619326766181182,71
471040,KoAct 글로벌AI&로봇액티브,30130,20388,0.08206141138444956,-0.12577977658494122,0.4762371386575208,71
287180,PLUS 미국나스닥테크,56730,1239,0.06415306696679801,-0.07831031681559708,0.3449502133712661,70
147970,TIGER 모멘텀,76375,2721,-0.053182917002417396,-0.14190214032919501,0.5643241914671364,70
495940,RISE 미국AI테크액티브,19540,2300,0.036329885971890796,-0.13463241806908766,0.44515938170253677,70
373490,KODEX 코리아혁신성장액티브,25450,33,0.0007864726700748115,-0.06278770023936664,0.5911222256955297,70
466930,SOL 자동차TOP3플러스,22310,123938,-0.11957379636937648,-0.2379163108454313,0.7498039215686274,70
465330,RISE 2차전지TOP10,12390,375547,0.08923076923076922,0.1907736665064872,0.3138918345705197,70
377990,TIGER Fn신재생에너지,24510,70652,-0.0024420024420024333,0.006901651466600933,0.4831175117995885,69
0074K0,KoAct K수출핵심기업TOP30액티브,17180,24083,0.015366430260047359,-0.06630434782608696,0.48873483535528606,69
364980,TIGER 2차전지TOP10,10945,7417708,0.05038387715930903,0.18452380952380953,0.22701793721973096,69
463680,KODEX 미국S&P500테크놀로지,23090,25961,0.05941729754530867,-0.03899779414824989,0.31432149362477224,69
411420,KODEX 미국나스닥AI테크액티브,27465,10352,0.06432861848478977,-0.04535974973931178,0.33995218812509154,69
0040S0,HANARO 글로벌피지컬AI액티브,23440,63302,0.012089810017271052,-0.15940469786623634,0.45861854387056633,69
401170,RISE 메타버스,10365,1405,-0.06071590394200277,-0.1566314076484947,0.4237637362637363,69
449190,KODEX 미국나스닥100(H),23355,186563,0.04777927321668907,0.05259599783666857,0.2288224771124907,68
218420,KODEX 미국S&P500에너지(합성),19925,20330,-0.002752752752752774,0.047306176084099816,0.39579684763572676,68
448300,TIGER 미국나스닥100(H),24080,221752,0.046501521077792374,0.05024424284717366,0.22700636942675168,68
490590,RISE 미국AI밸류체인데일리고정커버드콜,14550,653592,0.06655915554903968,-0.040933359699426575,0.2715197063707069,68
234310,RISE V&S셀렉트밸류,27745,7,-0.038468203084387476,-0.06629648325761395,0.49730167296276306,68
381570,HANARO Fn친환경에너지,10790,5067,0.04301594973417111,0.11929460580912865,0.3329215565163681,68
445690,BNK 주주가치액티브,29945,53,-0.03012145748987849,-0.09394856278366115,0.4920279023418037,67
307520,TIGER 지주회사,20800,151579,-0.10054054054054051,-0.04879498788128234,0.4744453108385909,67
304940,KODEX 미국나스닥100선물(H),34095,14436,0.04714373464373467,0.05053150516099225,0.2174611676486342,67
453080,KIWOOM 미국나스닥100(H),24060,30175,0.04608695652173922,0.04731641492186478,0.22256097560975618,67
261140,TIGER 우선주,23840,8538,-0.040257648953301084,-0.07999845637324898,0.5241017772663343,67
277540,ACE 아시아TOP50,31670,438,-0.016154085119602368,-0.10117780615864902,0.4166853053008275,67
483330,ACE 마이크로소프트밸류체인액티브,15315,12340,0.0558428128231645,0.03619756427604881,0.13680225653206657,66
227570,TIGER 우량가치,20740,491,-0.03332556513633189,0.02117183653372723,0.38128538128538136,66
285690,FOCUS ESG리더스,20870,1,-0.04724948641862592,-0.0607560756075608,0.4343642611683849,66
0091P0,TIGER 코리아원자력,15805,1942994,-0.11357263039820531,-0.0022095959595959114,0.4771028037383178,66
228790,TIGER 화장품,4160,4085821,-0.06306306306306309,0.06666666666666665,0.12615051434759073,66
487950,KODEX 대만테크고배당다우존스,12740,4685,-0.015836230204712254,-0.09574845624245865,0.34957627118644075,66
270800,RISE KQ고배당,16460,2593,0.06744487678339817,0.07687275106313374,0.23973789259621903,66
426030,TIME 미국나스닥100액티브,47840,673234,0.05782200110558322,-0.11823795041931617,0.29479268160658223,65
195980,PLUS 신흥국MSCI(합성 H),15105,11301,-0.029553485383874034,0.0013258203513424327,0.23507767784137368,65
472160,TIGER 미국테크TOP10 INDXX(H),19960,684459,0.05135633394785355,0.10337202874516316,0.1382299270072993,65
387280,TIGER 퓨처모빌리티액티브,11880,4715,0.011494252873563315,0.011494252873563315,0.30764997248211334,65
195920,TIGER 일본TOPIX(합성 H),35795,1180,0.006750105470398005,0.02242216509568684,0.2980019581535338,65
387270,TIGER 글로벌이노베이션액티브,26220,3457,0.07723911257189808,-0.06323687031082526,0.3200422896843378,65
0015B0,KoAct 미국나스닥성장기업액티브,19430,170775,0.07734959800388141,-0.1478070175438596,0.3853832442067737,64
395170,KODEX Top10동일가중,15020,10962,-0.04513668150031791,-0.16823568501495179,0.5138077000604717,64
466950,TIGER 글로벌AI액티브,31920,85529,0.07619689817936615,-0.16972298088177917,0.3113676512879504,64
280920,PLUS 주도업종,22340,41,-0.06114729985291023,-0.12700273544353258,0.45584881068752026,64
305540,TIGER 2차전지테마,20235,1179754,0.07262125629472571,0.17270356418429444,0.19029411764705872,64
371450,TIGER 글로벌클라우드컴퓨팅INDXX,13510,2722,0.020392749244712904,0.05505661850839516,0.13921915844506283,64
481180,SOL 미국AI소프트웨어,16520,54960,0.04062992125984244,0.04227129337539437,0.055253912488022916,63
117460,KODEX 에너지화학,14695,75550,0.031228070175438605,0.12605363984674334,0.18997489675277346,63
140580,RISE 우량업종대표주,23675,8,-0.0469001610305958,-0.07717793802377704,0.41427718040621264,63
417630,TIGER KEDI혁신기업ESG30,18215,1952,-0.08190524193548387,-0.08329139406139907,0.4306471881872447,63
241180,TIGER 일본니케이225,35545,32450,0.03133613811112723,-0.08365558133539575,0.30684951652634296,63
279530,KODEX 고배당주,17110,107347,-0.04161765529602868,-0.026125562069554298,0.3532110091743119,63
444200,SOL 코리아메가테크액티브,42695,28525,-0.07786177105831538,-0.16554285155868265,0.558780576852866,63
0036R0,RISE 미국휴머노이드로봇,19790,8301,0.06112600536193025,-0.11781750100298671,0.3616347873950736,62
091220,TIGER 은행,16020,24462,-0.08378610237346296,-0.04157941968291956,0.3489390367126979,62
491510,파워 K-주주가치액티브,17465,55,-0.04170096021947878,-0.029290795909293066,0.34304829283297456,62
091170,KODEX 은행,15300,495495,-0.08212850200971866,-0.039125792878226484,0.35147071813444053,62
484880,SOL 금융지주플러스고배당,21230,230177,-0.08507153938976042,-0.05987069347267737,0.3727772389266084,62
305720,KODEX 2차전지산업,15905,7755311,0.07212672733400738,0.1699154100772342,0.17034584253127294,62
280320,ACE 미국IT인터넷(합성 H),22070,11,0.021759259259259256,0.08772794480039425,0.03741656482090816,61
0098N0,PLUS 자사주매입고배당주,12610,38597,-0.045709096412895445,-0.014381741441300555,0.30958562675251833,61
291890,KODEX MSCI EM선물(H),12270,141,-0.029655990510083052,-0.0068798057466612494,0.20294117647058818,61
433250,UNICORN R&D 액티브,22580,6,-0.04139248567183185,-0.13237271853986554,0.42956631845520743,61
479850,HANARO K-뷰티,17285,44086,-0.07219538378958668,0.022176227084565348,0.1105043366527465,61
453330,RISE 미국S&P500(H),18390,25733,0.00827896266242667,0.034657364689996584,0.15959392143262496,61
276000,TIGER 글로벌자원생산기업(합성 H),20235,2065,-0.1906,0.07862473347547971,0.22636363636363632,60
452360,SOL 미국배당다우존스(H),12760,64541,-0.053623080916709975,0.009254132721664199,0.22952399306224702,60
284980,RISE 200금융,21265,6017,-0.08340517241379308,-0.08205991539324875,0.3685802548590553,60
449180,KODEX 미국S&P500(H),17385,296590,0.009581881533101022,0.03426735677315729,0.1519347998939835,60
445290,KODEX 로봇액티브,30200,186409,-0.03760356915232632,-0.03873698952796256,0.4241924074510728,60
445910,TIGER MKF배당귀족,20360,809,-0.02583732057416266,-0.01656764720088877,0.30070912924040116,60
448290,TIGER 미국S&P500(H),18000,54213,0.008685906416363132,0.03128222756961163,0.1503802645874608,59
449780,KIWOOM 미국S&P500(H),18885,28607,0.00854472630173575,0.026414479047774275,0.14718746203377475,59
466810,BNK 2차전지양극재,6445,31490,0.09795570698466771,0.18040293040293043,0.1437444543034605,59
219480,KODEX 미국S&P500선물(H),33525,4048,0.007664562669071229,0.03185595567867039,0.14158749616916944,59
192720,파워 고배당저변동성,55900,909,-0.06592029409307376,-0.05141693534702185,0.329401412637637,59
411540,SOL 200 Top10,15830,10366,-0.08258475804114751,-0.16411447882564156,0.46873260345147516,59
139270,TIGER 200 금융,15950,25334,-0.08778953388618815,-0.09049438330387183,0.36022514071294554,59
211560,TIGER 배당성장,33730,3352,-0.05610745767454872,-0.08185208373029917,0.3638752982087259,58
466940,TIGER 은행고배당플러스TOP10,25040,764284,-0.08174117129341008,-0.05287843255919511,0.31491886782544776,58
491090,KODEX 미국테크TOP3플러스,18475,16121,0.04526166902404527,-0.022952033423237594,0.1961025508222194,58
0047R0,RISE 팔란티어고정테크100,15585,3375,0.05268490374873358,0.012999675008124711,0.15873605947955394,58
337150,KODEX 200exTOP,24255,672,-0.06278979907264293,-0.08602758308840153,0.3574546675621222,58
174350,TIGER 로우볼,20400,4953,-0.04427266338721014,-0.010285270716087758,0.25685416795021876,58
275980,TIGER 글로벌4차산업혁신기술(합성 H),23715,2448,0.0021128248468202937,-0.023270181219110397,0.1610202682855184,57
0093B0,RISE 엔비디아고정테크100,12865,3706,0.03084935897435903,-0.03553489766849094,0.19418917664531699,57
211900,KODEX 코리아배당성장,26960,19579,-0.0543337191764004,-0.08143100511073254,0.3614098873907994,57
465580,ACE 미국빅테크TOP7 Plus,24905,412958,0.042922948073701894,-0.0016035277610743082,0.16963321279293675,57
407310,HANARO 200 TOP10,15395,3275,-0.08770370370370373,-0.16909542314335058,0.45758379094868395,57
143850,TIGER 미국S&P500선물(H),78125,1038,0.00534036803500193,0.02472455403987417,0.12272759933893806,57
0098F0,KODEX 원자력SMR,14825,884871,-0.10853878532772099,-0.02370760619031942,0.3569794050343249,56
140710,KODEX 운송,6580,11846,-0.032352941176470584,0.046271267292097296,0.16316068587590604,56
104520,KIWOOM 블루칩,14200,123,-0.05459387483355527,-0.0719560813018757,0.30012818165171207,56
252000,TIGER 200동일가중,18980,540,-0.03995953464845725,-0.01841125362019036,0.2573699900629347,56
269540,PLUS 미국S&P500(H),30365,9166,0.008803986710963496,0.012673003168250707,0.1434758049331577,56
0089D0,KODEX 금융고배당TOP10,12695,176051,-0.06585724797645331,-0.06254615271008712,0.28517918607005477,56
482030,KoAct 반도체&2차전지핵심소재액티브,10195,19204,0.14679415073115853,0.14486243683323985,0.14293721973094176,56
322410,HANARO K고배당,21780,4883,-0.07034317910192933,-0.040739925126624055,0.29504102747056726,55
433500,ACE 원자력TOP10,52210,74154,-0.11177271180673698,-0.02693132047339486,0.3828631969275593,55
189400,PLUS 글로벌MSCI(합성 H),25935,56,-0.0003854307188282391,0.006988934187536433,0.1435185185185186,55
281990,RISE 중소형고배당,17865,153,0.003088152723189186,0.014999147775694555,0.21828968903436996,55
252650,KODEX 200동일가중,18060,894,-0.042417815482502674,-0.025679758308157052,0.25888749477206185,55
0105E0,SOL 코리아고배당,12425,414639,-0.05072962029184813,-0.05484558040468579,0.31162250606988273,55
244670,KODEX 밸류Plus,11570,31,-0.01907587961000423,-0.01565424536328064,0.22667514843087355,54
266410,KODEX 필수소비재,9480,24147,-0.026194144838212585,-0.005872483221476488,0.16748768472906406,54
0092B0,SOL 한국원자력SMR,14520,139989,-0.1119266055045871,-0.02680965147453085,0.3328437672113089,54
454320,HANARO CAPEX설비투자iSelect,39635,3836,-0.0869615296014743,-0.0550721182500894,0.3606247854445588,54
461450,KODEX 코스닥글로벌,16525,8540,0.07689801238188343,0.05456285896617752,0.1948662328271873,54
210780,TIGER 코스피고배당,22895,5491,-0.03762084909625896,-0.009431921429498558,0.2567241190031837,54
490090,TIGER 미국AI빅테크10,16295,79226,0.044551282051282115,-0.030059523809523814,0.15428207126159954,53
461580,TIGER 코스닥글로벌,16835,6353,0.07366071428571419,0.046302050963331176,0.19059405940594054,53
476030,SOL 미국나스닥100,17450,23570,0.04679064187162574,-0.07392665711404767,0.18401411317682181,53
0041E0,KODEX 미국S&P500액티브,16220,57330,0.03246339910884788,-0.10864428202450949,0.2333662839327808,53
368590,RISE 미국나스닥100,30650,573833,0.0458609158534089,-0.07488454921372734,0.1866966083320427,53
133690,TIGER 미국나스닥100,184090,5143754,0.04644156434743074,-0.07458980133515647,0.18454410913068653,53
379810,KODEX 미국나스닥100,27525,26511071,0.04657794676806093,-0.07463439233484614,0.18575798044199376,53
0043Y0,TIME 차이나AI테크액티브,18385,79483,-0.0643765903307888,-0.2469793159942658,0.357327427094869,52
0053M0,더제이 중소형포커스액티브,12935,17,-0.00614675374567808,-0.0803412726626378,0.2354345749761222,52
0052D0,TIGER 코리아배당다우존스,14985,68130,-0.041879795396419395,-0.04590602317585635,0.26530439922316984,52
0069M0,1Q 미국나스닥100,13760,257826,0.04606963661243735,-0.07483359107106835,0.18020413414529557,52
491620,RISE 미국테크100데일리고정커버드콜,10460,340716,0.03934817170111282,-0.0676530885105624,0.1646809932078832,52
367380,ACE 미국나스닥100,31640,510730,0.04646932363155276,-0.07442078165223498,0.18382160362180566,52
494410,PLUS 미국S&P500성장주,14505,12430,0.04352517985611515,-0.05584846709627023,0.15219636190324892,51
161510,PLUS 고배당주,23900,629877,-0.060829927695693176,-0.053202868121855595,0.261413416371985,51
485810,TIME 글로벌바이오액티브,11460,12457,0.021845742309406946,-0.052501033484911086,0.2600329851566794,51
226980,KODEX 200 중소형,22450,4743,-0.02981849611063092,-0.021317407036052116,0.2200423890005978,51
485540,KODEX 미국AI테크TOP10,15745,158613,0.0595558546433379,-0.020711531284985707,0.12375990293340955,51
422420,RISE 2차전지액티브,7300,314117,0.0798816568047338,0.13530326594090192,0.08485659087531583,51
251590,PLUS 고배당저변동50,17180,147,-0.0196861626248217,0.01428740110993032,0.14747528720277847,50
486290,TIGER 미국나스닥100타겟데일리커버드콜,10540,1199802,0.04160490167012543,-0.08035947997556936,0.16245726260063975,50
493810,TIGER 미국AI빅테크10타겟데일리커버드콜,11500,119223,0.03856226858123368,-0.03934508395288616,0.13066561793333986,50
400570,KODEX 유럽탄소배출권선물ICE(H),11635,3679,0.00692340977931627,0.034682080924855585,0.0515137821961138,50
0104P0,TIGER 코리아배당다우존스위클리커버드콜,10600,5736,-0.039681101648849415,-0.04564688934905914,0.21629374641422827,50
461900,PLUS 미국테크TOP10,23145,1069,0.05085130533484672,-0.005585392051557503,0.08994584412526496,50
105010,TIGER 라틴35,6435,35779,0.023866348448687402,-0.07102641836292767,0.32625721352019776,50
277650,TIGER 코스피중형주,21150,8,0.0023696682464455776,0.004035129361500189,0.14758545849158988,49
428510,KODEX 차이나AI테크액티브,21760,4832,-0.062473071951744896,-0.2865573770491803,0.38290435335239903,49
447430,ACE 주주환원가치주액티브,16385,12231,-0.005160898603521535,0.019031034268300218,0.1507936507936507,49
266550,PLUS 중형주저변동50,17840,131,-0.045478865703584836,-0.06253284287966365,0.20094244362167624,49
483570,KCGI 미국S&P500 TOP10,16090,1210,0.03505950466387908,-0.022181707687632946,0.10965517241379308,49
400580,SOL 유럽탄소배출권선물S&P(H),11900,1481,0.008047437526471857,0.017094017094017033,0.05552598900124184,49
101280,KODEX 일본TOPIX100,30005,6392,-0.01622950819672131,-0.07676923076923081,0.18517201880159573,48
483280,KODEX 미국AI테크TOP10타겟커버드콜,11910,243487,0.05351614329942511,-0.03028822667318032,0.10523385300668142,48
481190,SOL 미국테크TOP10,17290,69376,0.049150485436893154,-0.0248166948674563,0.1026785714285714,48
426020,TIME 미국S&P500액티브,31630,53392,0.011836212412028146,-0.10939039842320142,0.18571000149947525,48
381170,TIGER 미국테크TOP10 INDXX,31815,425000,0.04861568885959122,-0.027807486631016065,0.09843253694241128,48
195930,TIGER 유로스탁스50(합성 H),22520,2627,-0.037606837606837584,-0.04047720494247975,0.10957824201813171,48
203780,TIGER 미국나스닥바이오,33250,15512,-0.05297636001139272,-0.1038943538606657,0.2422940407248273,47
401470,KODEX 메타버스액티브,9115,4973,-0.07414931437277805,-0.11159844054580892,0.14654088050314473,47
446700,RISE 배터리 리사이클링,10885,3847,0.03864503816793885,0.1256463288521199,0.0692534381139489,47
438740,MIDAS 중소형액티브,34335,3,0.01059602649006619,-0.04092178770949717,0.14316630597636082,47
459790,KIWOOM 미국성장기업30액티브,20590,33,0.037802419354838745,-0.11970927746900384,0.17859187178019464,47
459560,KODEX 테슬라밸류체인FactSet,22320,3243,0.06260414187098307,-0.15409686955203517,0.17964166798795,47
0041D0,KODEX 미국AI소프트웨어TOP10,14060,29515,0.08320493066255774,0.07221840921223222,-0.11866106688397171,46
461950,KODEX 2차전지핵심소재10,5295,2081832,0.06325301204819267,0.11756015196285352,0.11544133136717938,46
379790,RISE 유로스탁스50(H),16610,1639,-0.04099307159353349,-0.04545715763461866,0.11379333467444508,46
104530,KIWOOM 코리아고배당,17060,3836,-0.033372995637146574,-0.0337015009912206,0.17744495824418527,46
195970,PLUS 선진국MSCI(합성 H),15695,8436,-0.048211036992116485,-0.029975278121137205,0.09947460595446578,46
417450,RISE 글로벌수소경제,15290,15846,-0.053250773993808065,-0.203521383549513,0.09597878288294748,46
429010,TIGER 미국나스닥넥스트100,18945,107,-0.015588464536243185,-0.12796317606444185,0.1894895460538708,46
488480,RISE 일본섹터TOP4Plus,12990,338,-0.01665404996214992,-0.07061601201974677,0.15057573073516384,45
469170,ACE 포스코그룹포커스,5965,438184,-0.005004170141784781,0.10381199111769068,0.08238069315913621,45
465670,TIGER 미국캐시카우100,15345,2050,-0.07359333494325038,-0.06654906016181028,0.15228655102500555,45
213630,PLUS 미국다우존스고배당주(합성 H),19850,2597,-0.05879563774300611,-0.024809629083763163,0.09167904086234402,45
433220,에셋플러스 글로벌대장장이액티브,29480,227,0.015326330291028034,-0.14401858304297332,0.2015488078255554,45
474220,TIGER 미국테크TOP10타겟커버드콜,15080,60449,0.033726350425006935,-0.033333333333333326,0.09204142226084433,45
185680,KODEX 미국S&P바이오(합성),42725,922,-0.08979548359608014,-0.1730378399303203,0.3146153846153845,44
280930,KODEX 미국러셀2000(H),15715,2046,-0.06290995825879542,-0.07802874743326493,0.06513487867696899,44
491010,TIGER 글로벌AI전력인프라액티브,25145,102545,0.023819218241042384,-0.22630769230769232,0.13133267344551425,44
464930,TIGER 글로벌혁신블루칩TOP10,20475,1979,-0.002679006332196754,-0.07499435283487688,0.11126187245590224,44
494210,SOL 미국500타겟데일리커버드콜액티브,10605,2251,0.0070268730414966285,-0.08173867867347817,0.11467311330670582,44
0088N0,WON K-글로벌수급상위,11425,10292,0.03910868576625748,0.015104398045313161,0.11409068746952711,44
227550,TIGER 200 산업재,11800,16014,-0.028806584362139898,-0.028406751749691206,0.16084604033448113,43
493420,SOL 미국배당다우존스2호,11750,3523,-0.05348799742226518,-0.11146400483968544,0.18435641568390282,43
462010,TIGER 2차전지소재Fn,5210,5791916,0.06762295081967218,0.09915611814345993,0.11443850267379685,43
399110,SOL 미국S&P500ESG,20390,7946,-0.006335282651072083,-0.09058471968244053,0.12224118003192253,43
0047P0,RISE 테슬라고정테크100,14700,3239,0.04033970276008492,-0.08689980744145598,0.09538002980625926,43
379780,RISE 미국S&P500,22560,392676,0.007817735090462463,-0.09087245617570017,0.11100167438195596,43
455860,SOL 2차전지소부장Fn,4855,1025758,0.06703296703296702,0.10592255125284744,0.0837053571428572,43
360750,TIGER 미국S&P500,25865,68805493,0.007989088074824569,-0.09102091020910208,0.1085158359405134,42
402970,ACE 미국배당다우존스,14105,222363,-0.05424433418264718,-0.11205539817437837,0.18191721132897598,42
444490,WON 미국S&P500,19855,9262,0.008892276422764134,-0.09130434782608698,0.10785626604173637,42
360200,ACE 미국S&P500,26150,1124397,0.008289955658376646,-0.09075104311543813,0.108567552672856,42
429760,PLUS 미국S&P500,19240,2995,0.006539366989275486,-0.09125259777064043,0.10778443113772451,42
379800,KODEX 미국S&P500,23505,53814528,0.00793310463121788,-0.09145375130454947,0.1083604470222097,42
433330,SOL 미국S&P500,21565,216230,0.007474889044615685,-0.09142616389298508,0.10533059969246539,41
0026S0,1Q 미국S&P500,12630,153026,0.00806129778912923,-0.09084365102217107,0.10556722689075637,41
489250,KODEX 미국배당다우존스,11935,525211,-0.05457858048162234,-0.11237542763647179,0.17993079584775096,41
458730,TIGER 미국배당다우존스,13840,1997455,-0.05490303195848134,-0.11310477411086195,0.1798806479113384,41
449770,KIWOOM 미국S&P500,20695,2844,0.007055961070559613,-0.09116859162970448,0.10408664105847198,41
432840,HANARO 미국S&P500,19405,639,0.007528556593977109,-0.08841076713487106,0.10563500655233327,41
458760,TIGER 미국배당다우존스타겟커버드콜2호,10070,305999,-0.053393495017860504,-0.10963748894783376,0.17998593859854695,40
473460,KODEX 미국서학개미,24200,10760,0.046260268050151376,-0.06729360980497956,-0.01284927595349783,40
244660,KODEX 퀄리티Plus,9225,7,-0.026898734177215222,-0.006996770721205636,0.05428571428571427,40
482730,TIGER 미국S&P500타겟데일리커버드콜,11460,317257,0.006234085521116928,-0.09278024065864476,0.10128771862387076,40
446720,SOL 미국배당다우존스,12680,459825,-0.055774815697371416,-0.11390635918937808,0.17898651789865183,40
265690,ACE 러시아MSCI(합성),8535,0,0.0,0.0,0.0,40
458750,TIGER 미국배당다우존스타겟커버드콜1호,11975,26955,-0.05515228025879759,-0.11434065527697657,0.1755178168253657,40
354500,ACE 코스닥150,15350,136975,0.08442246555987287,0.04564032697547682,0.07530647985989503,39
453640,KODEX 미국S&P500헬스케어,13620,26351,-0.019085343896290907,-0.08731488306640756,0.1273901167121927,39
483290,KODEX 미국배당다우존스타겟커버드콜,9425,213945,-0.05257338158423808,-0.11643386144182999,0.1768010987638906,39
270810,RISE 코스닥150,15075,140403,0.07948442534908695,0.04796663190823769,0.06650159179342063,39
0036Z0,RISE 미국천연가스밸류체인,11740,2628,-0.04436304436304439,-0.08985192650593066,0.16030836133623239,39
0008S0,TIGER 미국배당다우존스타겟데일리커버드콜,9125,180817,-0.05616466694249067,-0.11844266254468172,0.17002179766636738,39
450910,SOL 코스닥150,14865,25684,0.08266569555717407,0.046462513199577504,0.06942446043165473,38
316670,KIWOOM 코스닥150,7580,754510,0.07900355871886111,0.046961325966850875,0.06835799859055669,38
304770,HANARO 코스닥150,15175,11207,0.08161083392729873,0.04547020323802964,0.06828581485392471,38
0018Z0,RISE 미국양자컴퓨팅,17745,1028,0.033187772925764136,-0.14502529510961215,-0.0509680179698363,38
367770,RISE 수소경제테마,20500,38316,-0.10146833223756302,-0.1289568727427236,0.2379227053140096,38
276970,KODEX 미국S&P500배당귀족커버드콜(합성 H),7400,17754,-0.049576162342666374,-0.029889879391714724,0.04578858111927642,38
229200,KODEX 코스닥150,15165,29561223,0.08089807555238782,0.04334365325077405,0.06645569620253156,37
227560,TIGER 200 생활소비재,12265,1081,-0.039545810493343825,-0.062452224430515235,0.06670725343538009,37
0026E0,KODEX 미국S&P500버퍼3월액티브,11455,31,0.001311188811188746,-0.09339137316976653,0.10176012311243632,37
0089C0,KODEX 미국S&P500변동성확대시커버드콜,11180,767,0.004492362982928988,-0.08712337715358864,0.07520677053279479,37
301400,PLUS 코스닥150,15320,2886,0.0876819311324104,0.043241402791964534,0.06573913043478252,37
497520,ACE 일라이릴리밸류체인,12600,3252,-0.007874015748031482,-0.08992416034669559,0.13800578034682087,37
499150,SOL 미국S&P500엔화노출(H),10710,1240,-0.0003733432891543931,-0.06966643502432246,0.021654106648860028,36
483030,KIWOOM 미국블록버스터바이오테크의약품+,11240,607,-0.0478610758153325,-0.10644725335877259,0.15602180396996812,36
232080,TIGER 코스닥150,15465,14916182,0.08033531260915128,0.0449324324324325,0.061791967044284135,36
276990,KODEX 글로벌로봇(합성),25085,2292,0.013535353535353511,-0.15694841203159138,0.13404159132007232,36
0060H0,TIGER 토탈월드스탁액티브,12295,43537,-0.015218261914297204,-0.10646802325581395,0.09542052744119744,36
498410,KODEX 금융고배당TOP10타겟위클리커버드콜,11075,1708614,-0.058568514110846626,-0.051716756571624334,0.06245203376822728,36
0005A0,KODEX 미국S&P500데일리커버드콜OTM,9090,122001,0.0037544169611307687,-0.09901873327386257,0.09386281588447654,36
459750,RISE 글로벌주식분산액티브,17290,5483,-0.01425313568985176,-0.1125596674023508,0.10071301247771847,35
434730,HANARO 원자력iSelect,53200,192902,-0.12922497749406658,-0.12051578773350968,0.2464854732895969,35
251350,KODEX MSCI선진국,37735,13267,-0.01436593966305344,-0.10692731877026485,0.0903233263024068,35
494300,KODEX 미국나스닥100데일리커버드콜OTM,8905,792394,0.033782214998839155,-0.1056543135482575,0.07978658906268943,35
497510,ACE 글로벌빅파마,12380,7958,-0.03091976516634054,-0.1199260681026516,0.17859862909367852,35
407300,HANARO Fn골프테마,10095,25975,-0.04674220963172804,-0.13555403322486725,0.17725947521865892,35
0020H0,KoAct 글로벌양자컴퓨팅액티브,21800,11711,0.03735427075898179,-0.1974967789434935,-0.08862876254180607,34
490600,RISE 미국배당100데일리고정커버드콜,8285,170135,-0.05573284704809667,-0.11342964151952917,0.10334265548009047,34
480030,ACE 미국500데일리타겟커버드콜(합성),9570,124293,0.003355001048437778,-0.11100789595912675,0.08184490165046343,34
0046Y0,ACE 미국배당퀄리티,12150,6452,-0.009376273950264968,-0.10245992465095666,0.07636428065201994,34
314700,HANARO 농업융복합산업,10645,282,-0.017535763728657172,-0.025896778916544627,0.02277094542659497,34
441640,KODEX 미국배당커버드콜액티브,12095,676984,-0.018103588244844926,-0.09495659982041305,0.07568480967627189,34
329200,TIGER 리츠부동산인프라,4035,2480148,0.006234413965087171,0.0017378351539225623,0.003731343283582156,33
150460,TIGER 중국소비테마,7305,16175,-0.044473512099411416,-0.04133858267716539,-0.030395540217679873,33
0068M0,KODEX 미국S&P500버퍼6월액티브,11590,25,0.0069504778453519656,-0.09346890887759096,0.05748175182481763,33
117680,KODEX 철강,11910,18679,-0.0614657210401891,0.07200720072007205,-0.027516942924797894,33
0083S0,1Q 미국메디컬AI,11080,57289,0.053732762719924,-0.05023144179667405,-0.11706112040800065,33
0049M0,ACE 미국배당퀄리티+커버드콜액티브,10950,12907,0.008658806190125379,-0.09361807797367772,0.06600467289719636,33
326230,RISE 내수주플러스,10705,33,-0.05265486725663715,-0.08347602739726023,0.07210816224336503,33
215620,HK S&P코리아로우볼,15900,1,-0.02003081664098616,0.003154574132492094,0.010807374443738027,32
498270,KIWOOM 미국양자컴퓨팅,14430,42296,0.0452734516479536,-0.1419397038710828,-0.15112653685510913,32
139280,TIGER 경기방어,11940,6473,-0.05835962145110407,-0.04852976332775516,0.03862212943632559,32
480020,ACE 미국빅테크7+데일리타겟커버드콜(합성),10175,275816,0.026015932237571926,-0.07625964593735812,0.04358974358974366,32
250730,RISE 차이나HSCEI(H),9560,324,-0.026972010178117012,0.03913043478260869,-0.11669592534417439,32
0002C0,에셋플러스 인도일등기업포커스20액티브,9845,2563,-0.0276543209876543,-0.054274735830931786,-0.08673469387755106,32
498860,RISE 코리아금융고배당,15860,6650,-0.06485849056603776,-0.1284277628180469,0.16420759010496955,31
0086B0,TIGER 리츠부동산인프라TOP10액티브,9510,29256,0.01711229946524062,-0.009890681936491452,-0.00958133722141219,31
473590,ACE 미국주식베스트셀러,19895,111991,0.07048695184288412,-0.05889309366130557,-0.10111598066235938,31
490330,KoAct 미국치매&뇌질환치료제액티브,12735,4473,-0.11316155988857934,-0.22818181818181815,0.22334293948126804,31
489860,KIWOOM 글로벌전력GRID인프라,14500,3294,0.0,-0.1640724086244667,0.09831843660051498,31
385710,TIME K이노베이션액티브,10375,2245,-0.03622851834649321,-0.09190371991247259,0.1470425649530127,31
371470,TIGER 차이나바이오테크SOLACTIVE,8350,18965,0.008454106280193274,-0.021101992966002348,-0.08150918490815096,30
248270,TIGER S&P글로벌헬스케어(합성),25240,2819,-0.02867038676159328,-0.11593695271453586,0.07807961729027846,30
475070,KoAct 글로벌친환경전력인프라액티브,29595,2710,0.012314007183170883,-0.19282694667939448,0.10182427401340277,30
477490,에셋플러스 글로벌일등기업포커스10액티브,18830,271,0.01728795245813064,-0.1225535880708295,-0.005282620179609121,30
0107F0,KIWOOM 미국고배당&AI테크,10530,2268,-0.05041031652989447,-0.15557337610264632,0.10307982401005655,30
220130,SOL 차이나강소기업CSI500(합성 H),6295,272,-0.07494489346069066,-0.13530219780219777,0.06785411365564031,30
489290,WON 미국빌리어네어,14780,1122,0.016506189821182904,-0.06750788643533123,-0.01859229747675961,30
475350,RISE 버크셔포트폴리오TOP10,13880,30166,-0.02356665494196275,-0.12362672054552337,0.06083766432283699,29
421320,PLUS 우주항공,27590,91078,0.06381337960285327,-0.04400554400554402,0.19878340212904622,29
368190,HANARO Fn K-뉴딜디지털플러스,7580,3400,-0.054862842892768104,0.015405224380442117,-0.06477483035163478,29
497780,KoAct 미국천연가스인프라액티브,9825,11667,-0.04453953126519494,-0.1273647748467892,0.0799076720158276,29
488500,TIGER 미국S&P500동일가중,11870,31616,-0.04003234937323086,-0.14035341830822712,0.0690804287129605,29
462340,에셋플러스 글로벌다이나믹시니어액티브,16165,14,-0.00400492914356132,-0.09389013452914796,-0.04546796575140244,29
0018C0,PLUS 고배당주위클리고정커버드콜,10140,66156,-0.05366308912739148,-0.046365089814727756,0.015828491284311852,28
368680,KODEX K-뉴딜디지털플러스,7645,46,-0.05090006207324638,0.004731239321855707,-0.06265326140264837,28
139290,TIGER 200 경기소비재,22520,7709,-0.10970547539039333,-0.21886923343739162,0.2362079376406654,28
400590,SOL 글로벌탄소배출권선물ICE(합성),13675,11,-0.009057971014492794,-0.10562459123610202,-0.01049204052098407,28
091180,KODEX 자동차,24855,66278,-0.10059706893432241,-0.19923322271980415,0.24150849150849152,28
437370,RISE 글로벌농업경제,10000,4197,-0.06585707613264824,-0.1098451130496706,0.08354101202730524,28
487230,KODEX 미국AI전력핵심인프라,19960,623771,0.028865979381443196,-0.21463702537871332,-0.044930379443992585,27
0000J0,PLUS 한화그룹주,26555,73274,-0.054140694568121095,-0.05346640527535196,0.054397458804844145,27
309230,ACE 미국WideMoat동일가중,28830,6521,-0.04266976589739335,-0.11512844909609898,0.017720982773227867,27
396520,TIGER 차이나반도체FACTSET,11480,491263,-0.11317110853611434,-0.4019275853086741,0.18289541473467286,27
0050E0,PLUS 미국AI에이전트,8320,153,0.015253203172666208,-0.042026482440990165,-0.11845730027548207,27
438900,HANARO Fn K-푸드,10720,4624,-0.0678260869565217,-0.03109182935647148,-0.07927510091900714,27
245340,TIGER 미국다우존스30,33225,10173,-0.041927391216586396,-0.15524649767359078,0.04972986635493348,26
0038A0,KODEX 미국휴머노이드로봇,15340,67610,0.05429553264604814,-0.14359088878963822,0.025401069518716568,26
412770,TIGER 글로벌AI플랫폼액티브,12930,1256,0.08655462184873941,-0.12929292929292935,-0.10809132924053255,26
245350,TIGER 유로스탁스배당30,17325,10880,-0.10140041493775931,-0.1446556405825722,0.06477782557925149,26
435040,ACE 글로벌브랜드TOP10,18670,112,-0.007178941770805691,-0.10468517719273007,-0.013057038642490859,26
401590,HANARO 글로벌탄소배출권선물ICE(합성),10780,254,-0.01866181156121982,-0.12143439282803581,-0.029877609791216675,26
494180,TIME 글로벌소비트렌드액티브,12610,228,-0.029253271747498033,-0.09670487106017189,-0.03519510328997699,26
0028X0,KODEX 미국금융테크액티브,11095,4559,-0.05049208386820714,-0.08267879288962376,-0.0949506485031405,25
473640,HANARO 글로벌금채굴기업,30125,11957,-0.1355810616929699,-0.033370768490293634,0.017014955605820115,25
494420,PLUS 미국배당증가성장주데일리커버드콜,8580,8807,-0.016393442622950838,-0.13647342995169087,0.017069701280227667,25
460660,RISE 미국S&P배당킹,10865,1813,-0.05800242760534069,-0.1643593293339486,0.03476190476190477,25
476690,TIGER 글로벌비만치료제TOP2Plus,9750,9603,-0.053306146227789064,-0.17763157894736847,0.06082036775106081,25
394660,TIGER 글로벌자율주행&전기차SOLACTIVE,14715,2172,-0.043237971391417385,-0.2137323002938819,0.06199480369515009,25
394670,TIGER 글로벌리튬&2차전지SOLACTIVE(합성),10270,16382,-0.06038426349496795,-0.1833001988071571,0.13971812229497282,24
429000,TIGER 미국S&P500배당귀족,12260,30013,-0.05393934717184967,-0.17340884573894277,0.0157415078707539,24
0102A0,TIGER 미국AI소프트웨어TOP4Plus,8410,46525,-0.04050199657729603,-0.009422850412249661,-0.3263377122717078,24
364960,TIGER BBIG,6210,30551,-0.0482758620689655,-0.034965034965035,-0.10903873744619796,24
474920,에셋플러스 차이나일등기업포커스10액티브,16865,448,-0.048787366046249336,-0.1882069795427196,-0.09522532188841204,24
453630,KODEX 미국S&P500필수소비재,11590,4161,-0.03255425709515858,-0.14167222098792864,-0.014036580178647395,24
226380,ACE Fn성장소비주도주,5665,158,-0.0478991596638656,-0.04064352243861136,-0.17359591539022612,23
399580,RISE 글로벌클린에너지,9085,2338,0.0022062879205735353,-0.21253358758776109,0.03804844606946989,23
453650,KODEX 미국S&P500금융,17625,12895,-0.07163550171187782,-0.15601206723171956,-0.04284783317041385,23
0105D0,SOL 한국AI소프트웨어,8675,14431,-0.12506303580433686,-0.057065217391304324,-0.1402378592666006,23
310080,RISE 중국MSCI China(H),8790,1034,-0.05280172413793105,-0.011248593925759276,-0.19989077007099942,23
469070,RISE AI&로봇,10700,276440,-0.04549509366636928,0.01325757575757569,-0.06468531468531469,23
200030,KODEX 미국S&P500산업재(합성),38635,1605,-0.044634025717111725,-0.20959492635024546,0.029580279813457677,23
463690,KODEX 미국S&P500커뮤니케이션,17180,1131,-0.010653613590555722,-0.10993679411459956,-0.07639374227192086,22
428560,KODEX 미국ETF산업Top10 Indxx,14920,668,-0.05986137366099564,-0.09597673291323316,-0.09295397896528668,22
102960,KODEX 기계장비,12815,7819,-0.0783890686803308,-0.10572226099092807,-0.028430629264594387,22
0004G0,1Q 미국배당TOP30,8315,8280,-0.056079010103303406,-0.14419514203375872,-0.072400713966979,22
0013P0,RISE 미국은행TOP10,11165,12547,-0.12010402711009538,-0.22173428133277573,0.024217961654894093,22
138540,TIGER 현대차그룹플러스,43045,162049,-0.15556645414418835,-0.2254610886189834,0.147040797292616,22
373790,KIWOOM 미국방어배당성장나스닥,14420,210,-0.05405405405405406,-0.14991451983729298,-0.04874991754073488,21
291130,ACE MSCI멕시코(합성),16450,826,-0.06507530548451268,-0.1717019133937563,0.026264894878033518,21
476310,RISE 글로벌비만산업TOP2+,8925,3412,-0.07608695652173914,-0.2014137437365784,0.017094017094017033,21
0103T0,1Q K소버린AI,7855,188296,-0.1164229471316085,-0.01751094434021261,-0.21980532379817241,21
411860,KIWOOM 독일DAX,15310,1766,-0.07882069795427193,-0.13867791842475385,-0.0789869457979907,21
407830,에셋플러스 글로벌플랫폼액티브,14520,1310,0.04123341699533878,-0.14386792452830188,-0.16069364161849709,21
415340,KODEX 차이나과창판STAR50(합성),12055,25455,-0.1037174721189591,-0.3594580233793836,0.03122326775021378,20
415760,SOL 차이나육성산업액티브(합성),11215,20912,-0.10494812450119717,-0.35895970277222067,0.020751797578956843,20
157500,TIGER 증권,11240,232944,-0.09464357631896902,-0.26559947729500166,0.17622436165759736,20
102970,KODEX 증권,16665,462054,-0.08734939759036142,-0.25615961435457957,0.1710350642962546,20
227540,TIGER 200 헬스케어,17705,28002,-0.08240476807463071,-0.04709364908503766,-0.12351485148514851,20
476070,KODEX 글로벌비만치료제TOP2 Plus,9975,8398,-0.0852819807427786,-0.19224228682484412,-0.018112018899497984,20
463300,RISE 중국본토CSI300,12115,299,-0.052775605942142256,-0.19227948529901995,-0.041307272295639796,20
245710,ACE 베트남VN30(합성),27045,33726,-0.047375836562169815,-0.15497578503358855,-0.11074211685792257,19
283580,KODEX 차이나CSI300,13900,63387,-0.05922165820642977,-0.19410946196660483,-0.04663923182441698,19
427120,RISE AI플랫폼,5315,23517,-0.0009398496240601295,0.06619859578736209,-0.3245647477443131,19
414780,TIGER 차이나과창판STAR50(합성),11810,64151,-0.1019011406844107,-0.35815217391304344,0.02304227304227302,19
139240,TIGER 200 철강소재,10135,7541,-0.08857913669064743,0.01757028112449799,-0.1826612903225806,19
388280,RISE K엔터&여행레저,6895,5843,-0.04896551724137932,-0.19732246798603026,-0.04169562195969423,19
269420,KODEX S&P글로벌인프라(합성),20455,1033,-0.04838334496394514,-0.18473495416500596,-0.034458343167335426,18
168580,ACE 중국본토CSI300,31355,1794,-0.05371963180926509,-0.19561313494099541,-0.04655476494556954,18
245360,TIGER 차이나HSCEI,11400,9470,-0.04881101376720898,-0.08455793784630206,-0.1701848886300772,18
419420,KODEX 미국클린에너지나스닥,8675,22147,-0.006868918145392144,-0.252670572019297,-0.04026994136519524,18
400970,TIGER Fn메타버스,6995,15339,-0.07534699272967615,-0.1687462863933452,-0.11511701454775458,18
486450,SOL 미국AI전력인프라,18985,22352,-0.02616055398820205,-0.19555084745762707,-0.15017905102954343,18
445150,KODEX 친환경조선해운액티브,26250,9445,-0.07178217821782173,-0.09464027040077261,-0.1277041172365666,17
395280,HANARO Fn K-게임,3330,35094,-0.06591865357643756,-0.11199999999999999,-0.17164179104477617,17
416090,ACE 중국과창판STAR50,10910,17023,-0.11300813008130084,-0.3638483965014577,0.010278729511991935,17
099140,KODEX 차이나H,19645,14462,-0.052796528447444535,-0.09185465976331364,-0.17319023569023573,17
315270,TIGER 200커뮤니케이션서비스,18020,100,-0.10370554588410841,-0.10030455839033403,-0.15715622076707203,17
169950,KODEX 차이나A50,23355,115,-0.05940394683850181,-0.1825341267063353,-0.05894914981062127,17
269530,PLUS S&P글로벌인프라,18265,1077,-0.05215360664244939,-0.19174263209133546,-0.03969505783385907,16
192090,TIGER 차이나CSI300,11340,40717,-0.05735660847880297,-0.2039312039312039,-0.05176018061710841,16
0015K0,TIGER 미국소비트렌드액티브,6780,128,-0.022350396539293493,-0.11023622047244097,-0.21080200209521593,16
489030,PLUS 고배당주위클리커버드콜,6160,322698,-0.030531948378973883,-0.019264448336252182,-0.1998960904013508,16
269370,TIGER S&P글로벌인프라(합성),15690,842,-0.05253623188405798,-0.19756559095790927,-0.04148084794428497,16
300610,TIGER K게임,5355,36044,-0.014719411223551027,-0.06462882096069866,-0.21307861866274802,16
453660,KODEX 미국S&P500경기소비재,16020,301,-0.03260869565217395,-0.1695609351511067,-0.10186690586982117,16
117690,TIGER 차이나항셍30,18145,533,-0.055193959906274404,-0.09275,-0.19751448410065897,15
464310,TIGER 글로벌AI&로보틱스 INDXX,13040,13374,-0.03478904515173942,-0.18677892111007177,-0.12046404964251989,15
0047A0,TIGER 차이나테크TOP10,11105,62459,-0.11337325349301397,-0.2124113475177305,-0.14845487309255423,15
0087F0,ACE 차이나AI빅테크TOP2+액티브,10310,1877,-0.12030716723549484,-0.258273381294964,-0.07897087725567264,15
451150,에셋플러스 글로벌영에이지액티브,16675,3,-0.020270270270270285,-0.16248116524359624,-0.1987025468524748,15
0022T0,SOL 국제금커버드콜액티브,11905,70463,-0.06576159460095743,-0.13076810747663548,-0.08345523134960353,15
0008E0,ACE 미국중심중소형제조업,11070,402,-0.04692208351269911,-0.25903614457831325,-0.028521281263712117,14
157490,TIGER 소프트웨어,7500,79701,-0.12023460410557185,-0.09145972138098124,-0.21711899791231737,14
442320,RISE 글로벌원자력,34100,10788,-0.061898211829436,-0.1196364950689317,-0.20699518615846146,14
365000,TIGER 인터넷TOP10,3645,71939,0.0013736263736263687,-0.02147651006711404,-0.23903966597077242,14
300640,RISE 게임테마,6265,982,-0.02414330218068539,-0.08272327964860904,-0.2222222222222222,14
174360,RISE 중국본토대형주CSI100,20980,22532,-0.06962305986696227,-0.21320082505156568,-0.06121353141220687,14
300950,KODEX 게임산업,5210,54686,-0.04315886134067948,-0.13021702838063443,-0.20880789673500377,13
364990,TIGER 게임TOP10,4410,207566,-0.06269925611052074,-0.1378299120234604,-0.18559556786703602,13
0023B0,PLUS 미국양자컴퓨팅TOP10,15080,28365,-0.02046118869762914,-0.22087315939033847,-0.34260429835651074,13
364970,TIGER 바이오TOP10,6580,762362,-0.08356545961002781,-0.07713884992987374,-0.1665611146295124,13
463250,TIGER K방산&우주,30355,499977,-0.07369545315837656,-0.21247892074198993,0.022914911541701777,13
419650,PLUS 글로벌수소&차세대연료전지,4605,51752,-0.07715430861723449,-0.2980182926829268,-0.17841213202497774,13
463640,KODEX 미국S&P500유틸리티,12895,6707,-0.03480538922155685,-0.1866918953011668,-0.14421290151314048,13
0000H0,KODEX 인도Nifty미드캡100,9205,973,-0.09399606299212604,-0.1981008798675843,-0.16142844128632594,12
322400,HANARO e커머스,9320,352,-0.10685194058457115,-0.11322549952426264,-0.2121724429416737,12
441540,HANARO Fn조선해운,24110,10620,-0.10204841713221602,-0.11862547980259552,-0.17769440654843105,12
390400,KODEX 미국스마트모빌리티S&P,6400,7745,-0.07514450867052025,-0.24953095684803006,-0.12925170068027214,12
490480,SOL K방산,25100,43714,-0.0995515695067265,-0.20770202020202022,-0.01064249113125737,12
139230,TIGER 200 중공업,11650,109418,-0.12570356472795496,-0.17223248543413383,-0.12818977774451845,12
256450,PLUS 심천차이넥스트(합성),12845,950,-0.09985984583041341,-0.3142018152696209,-0.012682551883166804,11
228800,TIGER 여행레저,2600,123420,-0.04761904761904767,-0.10189982728842828,-0.270687237026648,11
256750,KODEX 차이나심천ChiNext(합성),13155,11707,-0.11622438696674509,-0.3205061983471075,-0.02519451648758797,11
266420,KODEX 헬스케어,15805,23014,-0.06479289940828403,-0.10045532157085946,-0.15975544922913343,11
414270,ACE 글로벌자율주행액티브,10990,3566,-0.030436700485222734,-0.19663742690058483,-0.19675486040052625,11
457480,ACE 테슬라밸류체인액티브,18060,242568,0.010067114093959662,-0.19822419533851277,-0.14118598126396875,11
0082F0,HANARO 유럽방산,9110,6045,-0.08442211055276383,-0.2253401360544217,-0.1430721474931803,10
494840,TIGER 미국방산TOP10,11040,20005,-0.08835672997522703,-0.23034021193530396,-0.0830564784053156,10
0023A0,SOL 미국양자컴퓨팅TOP10,22695,168507,-0.00044043162299056693,-0.2845208070617906,-0.3140395949826206,10
143860,TIGER 헬스케어,34435,21669,-0.07358084476728544,-0.11614476386036965,-0.1749131424463879,10
391600,ACE 미국친환경그린테마,9775,1243,-0.04166666666666663,-0.22635536208943408,-0.16893385478660095,10
0001P0,마이티 바이오시밀러&CDMO액티브,8675,3163,-0.037180910099889,-0.1024314536989136,-0.12240768841679317,10
479730,TIGER 인도빌리언컨슈머,8725,9007,-0.09397715472481827,-0.1949621701420926,-0.21622349982033773,10
261920,ACE MSCI필리핀(합성),10975,46,-0.07927852348993292,-0.21997157071783935,-0.17282182695206516,9
253280,RISE 헬스케어,12075,1377,-0.05294117647058827,-0.11245865490628448,-0.1857720836142953,9
407820,에셋플러스 코리아플랫폼액티브,6025,480,-0.019528071602929242,-0.12744388124547434,-0.23189699133095365,9
0080G0,KODEX 방산TOP10,9190,3489414,-0.0745216515609265,-0.2180719816217136,-0.0804482689613768,9
498610,RISE 인도디지털성장,7350,371,-0.08865468071915683,-0.14871438498957612,-0.27948240368591315,9
354350,HANARO 글로벌럭셔리S&P(합성),17290,114,-0.0654054054054054,-0.2096,-0.18577819637391102,9
396510,TIGER 차이나클린에너지SOLACTIVE,6555,3362,-0.02164179104477615,-0.2417582417582418,-0.141228874623346,8
0102X0,ACE 유럽방산TOP10,7980,1325,-0.10286677908937603,-0.2235088060718109,-0.1668406765504281,8
410870,TIME K컬처액티브,8905,8454,-0.06164383561643838,-0.17546296296296293,-0.273061224489796,8
487920,ACE 인도시장대표BIG5그룹액티브,6885,3107,-0.10642439974042828,-0.22071307300509335,-0.2185017026106697,8
477730,KODEX 인도타타그룹,6595,14104,-0.0909717436250862,-0.1920862428028911,-0.22256277260403157,8
244580,KODEX 바이오,8085,656229,-0.01761846901579589,-0.08385269121813033,-0.19028542814221328,8
453810,KODEX 인도Nifty50,10355,72356,-0.08403361344537819,-0.2121880706025563,-0.2464706738466017,7
440910,WON 미국우주항공방산,20835,4341,-0.10541004723057101,-0.3004868222259527,-0.12184944786310381,7
487910,ACE 인도컨슈머파워액티브,7290,8979,-0.10276923076923072,-0.21316783594171618,-0.2695390781563126,7
360150,KODEX 코스닥150롱코스피200숏선물,3435,6316,0.14119601328903664,0.16836734693877542,-0.5225851285615011,7
496770,PLUS 글로벌방산,14775,4460,-0.09963436928702007,-0.23006774361646687,-0.1457068516912402,7
395150,KODEX 웹툰&드라마,1821,16044,-0.02776294714361982,0.013919821826280598,-0.43709428129829986,7
483020,KIWOOM 의료AI,8845,2080,-0.036492374727668864,-0.08531540847983454,-0.20387038703870386,7
449450,PLUS K방산,45975,320053,-0.10728155339805823,-0.2290601157038652,-0.11959019532746074,6
478150,TIME 글로벌우주테크&방산액티브,16940,59661,-0.0780952380952381,-0.2822033898305085,-0.15066432689897213,6
266360,KODEX K콘텐츠,9070,8415,-0.09661354581673309,-0.13080977479635836,-0.32161555721765145,6
307510,TIGER 의료기기,12465,3288,0.018382352941176405,-0.08607669183957767,-0.31166823126622123,6
0094X0,1Q 샤오미밸류체인액티브,7310,3123,-0.1096224116930572,-0.17438445900158117,-0.32346136048125873,6
200250,KIWOOM 인도Nifty50(합성),19045,11027,-0.0854741896758704,-0.20860170371909414,-0.254014884449667,6
0078V0,PLUS 미국로보택시,8575,324,-0.08679446219382325,-0.19934640522875813,-0.3370187103757538,5
0047N0,PLUS 차이나AI테크TOP10,8410,1670,-0.11193241816261879,-0.21511899206719554,-0.2969990804982028,5
494670,TIGER 조선TOP10,19085,490079,-0.13012762078395623,-0.187526607066837,-0.2545795414599852,5
0007G0,PLUS 글로벌원자력밸류체인,12230,13968,-0.10238532110091747,-0.20532813515269654,-0.3492257755547278,5
0067V0,TIGER 차이나글로벌리더스TOP3+,8460,1251,-0.10665258711721226,-0.24091520861372817,-0.28787878787878785,5
453870,TIGER 인도니프티50,10170,45631,-0.08460846084608464,-0.22104779411764708,-0.24950188177994248,5
371150,RISE 차이나항셍테크,5860,657,-0.09147286821705425,-0.20010920010920008,-0.35448336638026,4
0094L0,RISE 차이나테크TOP10위클리타겟커버드콜,6470,15367,-0.09586361095584128,-0.19527363184079605,-0.32428198433420363,4
0065G0,KODEX 차이나테크TOP10,7680,5839,-0.08133971291866027,-0.19673674301851274,-0.33130169786678276,4
0051G0,SOL 미국원자력SMR,12135,60445,-0.08276643990929711,-0.17951318458417853,-0.42123336671913003,4
466920,SOL 조선TOP3플러스,24000,1120963,-0.13731128684399707,-0.19999999999999996,-0.27393737709877475,4
464610,SOL 의료기기소부장Fn,6905,14692,-0.04692891649413389,-0.16048632218844983,-0.3734119782214156,4
372330,KODEX 차이나항셍테크,5965,87600,-0.09894259818731121,-0.20211342964151957,-0.3590156888029229,3
371160,TIGER 차이나항셍테크,6005,237178,-0.09631301730624531,-0.20146276595744683,-0.3572728245745478,3
0079X0,ACE BYD밸류체인액티브,8655,7069,-0.10681114551083593,-0.2289532293986637,-0.3292257614508254,3
413220,SOL 차이나태양광CSI(합성),4035,795,-0.06488991888760143,-0.27558348294434465,-0.2199884013145177,3
371870,ACE 차이나항셍테크,5870,4795,-0.0990023023791251,-0.20136054421768712,-0.35972949389179754,3
0090B0,PLUS K방산소부장,6970,149846,0.04890895410082763,-0.13038053649407366,-0.3656716417910447,3
456250,KODEX 유럽명품TOP10 STOXX,7490,2564,-0.10460251046025104,-0.24465510286405812,-0.2893738140417458,3
261070,TIGER 코스닥150바이오테크,11220,212015,-0.07003729796933278,-0.18813314037626627,-0.2768288752819852,2
0067Y0,TIGER 차이나AI소프트웨어,8705,8861,-0.16177178623013966,-0.26940830885438527,-0.3110407597942224,2
498050,HANARO 바이오코리아액티브,9610,8963,-0.09168241965973534,-0.21261777959852524,-0.2415153906866614,2
475050,ACE KPOP포커스,6790,703508,-0.0382436260623229,-0.174468085106383,-0.4245762711864407,2
419430,KODEX 차이나2차전지MSCI(합성),7780,2844,-0.10574712643678164,-0.2917614929449249,-0.22779156327543426,2
463050,TIME K바이오액티브,11105,253680,-0.0882594417077176,-0.18495412844036696,-0.22124824684431976,2
256440,ACE MSCI인도네시아(합성),4645,21373,-0.10500963391136797,-0.1492673992673993,-0.4343643448611788,1
462900,KoAct 바이오헬스케어액티브,12545,1284626,-0.078928046989721,-0.20751737207833232,-0.26097201767304856,1
371460,TIGER 차이나전기차SOLACTIVE,8815,118492,-0.08747412008281574,-0.28652367462565764,-0.2992288735193577,1
395290,HANARO Fn K-POP&미디어,4850,47465,-0.037698412698412676,-0.17376490630323682,-0.4491766042021579,1
228810,TIGER 미디어컨텐츠,3125,395519,-0.004777070063694322,-0.11847672778561358,-0.5078740157480315,1
0048K0,KODEX 차이나휴머노이드로봇,7200,479971,-0.1165644171779141,-0.3495347366519107,-0.3328391401037806,1
0053L0,TIGER 차이나휴머노이드로봇,8245,251639,-0.11486849168008584,-0.32489969704413335,-0.36523211948571865,0
0000Z0,RISE 바이오TOP10액티브,8115,164019,-0.06184971098265901,-0.22008649687650172,-0.37335907335907337,0
476000,UNICORN 포스트IPO액티브,5100,1161,0.01090188305252715,-0.19367588932806323,-0.5342465753424658,0
