종목코드,종목명,현재가(원),거래량,1개월,3개월,1년,상대강도
469150,ACE AI반도체포커스,50190,3963667,0.4560487380330722,1.1217501585288523,2.918338668123975,99
442580,PLUS 글로벌HBM반도체,65975,642452,0.187455003599712,0.8623853211009174,2.985923151280812,99
395270,HANARO Fn K-반도체,36815,7849985,0.39530036005306046,1.0150519978106183,2.8622534620226605,99
139260,TIGER 200 IT,94220,1577949,0.3467503323280112,0.8979896055759236,2.5596358003702444,98
395160,KODEX AI반도체,29560,5793730,0.3199374860459925,0.8337468982630274,2.5232419547079856,98
494220,UNICORN SK하이닉스밸류체인액티브,34345,665345,0.2911654135338346,0.8376136971642589,2.700969827586207,98
396500,TIGER 반도체TOP10,36090,45518637,0.386743515850144,1.081915200461494,2.7171696364198166,98
091160,KODEX 반도체,105400,7812998,0.3494654631585685,0.961477621661859,2.405492730210016,98
091230,TIGER 반도체,110490,826100,0.3580717323434697,0.9707833904109588,2.4446315001870556,98
367760,RISE 네트워크인프라,35835,1656526,0.35456435456435464,0.7328336557059962,2.4804778554778553,97
487750,BNK 온디바이스AI,23040,17021,0.29729729729729737,0.8063504508036063,2.072,97
102970,KODEX 증권,29185,4987780,0.4978188350012831,1.0190245589761329,2.7843620331950207,97
266370,KODEX IT,49255,99329,0.3132915611251834,0.8242592592592592,2.2154981068024546,97
292150,TIGER 코리아TOP10,34490,8352889,0.29002094554159186,0.8933904259991217,2.257153650014166,97
474590,WON 반도체밸류체인액티브,30905,148360,0.3009892654178068,0.7564649048025007,2.6040816326530614,97
0005G0,ITF K-AI반도체코어테크,32490,96651,0.3389655882958995,0.711621536192182,2.288794412389918,96
433500,ACE 원자력TOP10,69785,667330,0.3097785285285286,0.7891295987693885,2.4449819815372464,96
475310,SOL 반도체후공정,30100,1055808,0.4013035381750465,0.6597739178384339,2.1259736213521654,96
157500,TIGER 증권,20000,2771579,0.49812734082397014,1.0273694880892044,2.300874731803928,96
471990,KODEX AI반도체핵심장비,26160,6314050,0.4306808859721083,0.6385844033823991,2.1135443941918592,96
469790,KIWOOM K-테크TOP10,31615,81479,0.29384080212809494,0.7840415326448846,2.0242012626745742,96
487240,KODEX AI전력핵심설비,34820,8409747,0.28510795349695517,0.531896172459305,2.468472955473653,95
486240,DAISHIN343 AI반도체&인프라액티브,23335,11855,0.28214285714285725,0.7440209267563527,1.9496903046391103,95
122090,PLUS 코스피50,68770,170269,0.2718227548453913,0.7827608554763448,1.9824789660855235,95
471780,TIGER 코리아테크액티브,26595,171720,0.29070613928658084,0.5891843441888258,2.1892313227005635,95
290130,RISE ESG사회책임투자,37825,1510628,0.27722437953739654,0.7837774109879745,2.0659803842101,95
337160,KODEX 200ESG,38715,81337,0.27477774119196585,0.7609733909483738,1.8967452300785634,94
156080,KODEX MSCI Korea,44330,18701,0.25901732462368643,0.7521739130434784,1.876516773733048,94
491820,HANARO 전력설비투자,41950,407615,0.2834633623986538,0.5366300366300367,2.3973113054745707,94
466930,SOL 자동차TOP3플러스,26300,2306342,0.3117206982543641,1.0045731707317072,1.603187172127091,94
446690,KODEX 아시아AI반도체exChina액티브,44960,31740,0.23734037868780278,0.6861686168616861,1.8633295121640554,94
275300,KODEX 우량주,24585,50400,0.24955527318932647,0.7392996108949417,1.8882753759398496,94
153270,KIWOOM 코스피100,72255,43731,0.2712669563840455,0.7609855962564891,1.8746767455739008,93
140950,파워 코스피100,73415,4604,0.26752417127071815,0.7561296495634493,1.8747356879943613,93
495230,KoAct 코리아밸류업액티브,28065,713130,0.2611782680986834,0.7653163919989936,1.8535841382816471,93
434730,HANARO 원자력iSelect,72230,1658674,0.20393366113842815,0.5225548060708263,2.5422490314354373,93
445290,KODEX 로봇액티브,38485,1989836,0.11244399479693601,0.807231744540972,1.7125035241048772,93
237350,KODEX 코스피100,74820,1962168,0.2672764227642277,0.7518145633341138,1.860747877953659,93
495850,KODEX 코리아밸류업,27625,2586512,0.27274821469707433,0.7821430875427391,1.837990548592562,92
495050,RISE 코리아밸류업,27750,6022371,0.27521713156564487,0.7860590847653988,1.8528837257119357,92
496090,KIWOOM 코리아밸류업,27615,7280,0.26639457030175184,0.7812681416500031,1.8433896210873146,92
159800,마이티 코스피100,74320,2867,0.26308633582596874,0.7524168828106579,1.851114435876779,92
495040,PLUS 코리아밸류업,27510,37407,0.2726683937823835,0.7775911088136469,1.8490057995029,92
495330,1Q 코리아밸류업,27580,144355,0.2705578845533698,0.770445500064193,1.8571428571428572,92
138540,TIGER 현대차그룹플러스,73900,3629672,0.3056537102473498,0.9521859727909128,1.686784221050718,91
496080,TIGER 코리아밸류업,27690,1885553,0.2699504678040727,0.7709132770529548,1.8414571575166754,91
100910,KIWOOM KRX100,14875,22400,0.26380628717077315,0.7551622418879056,1.8071334214002643,91
289250,TIGER MSCI KOREA ESG유니버설,28085,3813,0.2789162112932604,0.7597117794486214,1.832291246470351,91
495750,HANARO 코리아밸류업,27585,5377,0.2671107028020212,0.7799070847851335,1.8388391478851496,91
496120,ACE 코리아밸류업,28005,20764,0.2692046227056424,0.7642056192516065,1.8305033353547606,91
494890,KODEX 200액티브,27250,717761,0.2627432808155701,0.7319181390619041,1.8145011361288992,90
069660,KIWOOM 200,94180,1033277,0.2641950119466294,0.729183879555678,1.811846897951872,90
448100,WON 200,97040,121168,0.26130810023915974,0.735305162640153,1.8346088683764679,90
289040,KODEX MSCI KOREA ESG유니버설,27680,651,0.2524886877828054,0.7332498434564809,1.8195986553937047,90
148020,RISE 200,95005,4530886,0.26081590402378163,0.7296593660676898,1.8106325069522513,90
488210,KIWOOM K-반도체북미공급망,20600,13580,0.2850904553961322,0.7318200924758302,1.6023244062657906,89
105190,ACE 200,94660,2206188,0.259094718080366,0.7261438027681031,1.8059046715674651,89
491700,HK 200,94960,37422,0.26259805876878084,0.7238812743941181,1.8111308466548253,89
102110,TIGER 200,94045,9434476,0.258834395245489,0.725722988843218,1.805805835670386,89
451060,1Q 200액티브,30460,433023,0.26369067374709587,0.7273449018940683,1.811000369139904,89
152870,파워 200,95280,29813,0.2594844679444812,0.7262433191412265,1.8040023543260744,89
069500,KODEX 200,94120,29339770,0.26004069829709753,0.7254844446074027,1.8009403922268845,88
152100,PLUS 200,95585,555740,0.25963654573488126,0.7236498061491299,1.8016003282724662,88
472840,ITF 200,93780,1833,0.2612976113621692,0.7262452600964546,1.7970651395848245,88
0007N0,아이엠에셋 200,95420,962,0.25494837903597034,0.7245617205855774,1.7961904761904761,88
434960,DAISHIN343 K200,94950,19638,0.26134144559427175,0.7235745793171051,1.802952029520295,88
293180,HANARO 200,94420,274286,0.25841318921512446,0.7244717184446514,1.7999525532293457,88
105780,RISE 5대그룹주,14965,72397,0.257563025210084,0.6986379114642451,1.6017037552155773,87
487130,KoAct AI인프라액티브,23500,245211,0.222366710013004,0.6123499142367066,1.8781383955909368,87
457990,PLUS 태양광&ESS,33760,528843,0.414327607875995,0.634866828087167,2.1158283341024458,87
304760,HANARO KRX300,42210,885,0.2467877713779354,0.7058680892337537,1.7026507875528236,87
442260,마이티 다이나믹퀀트액티브,32635,14971,0.25906635802469147,0.7212552742616034,1.7748490774594,87
495060,TIME 코리아밸류업액티브,25840,438880,0.2942649636864514,0.7704693388146626,1.7489361702127662,87
471760,TIGER AI반도체핵심공정,19910,6106146,0.3535010197144799,0.7969314079422383,1.4766762035078989,86
292190,KODEX KRX300,43070,33570,0.25440512596475906,0.694668502852646,1.704043194374686,86
275290,KODEX 가치주,27595,19792,0.2696112261329653,0.7203865336658355,1.6812087057909055,86
292160,TIGER KRX300,43095,7963,0.25181548829373157,0.696853959129031,1.6956276975042224,86
292050,RISE KRX300,44085,3135,0.2525926978263957,0.6994988434849654,1.6946821515892418,86
375770,KODEX 탄소효율그린뉴딜,22330,8026,0.247486033519553,0.6974534397567465,1.6630888491353608,85
337140,KODEX 코스피대형주,32500,194018,0.24688279301745641,0.6821946169772257,1.659792127015304,85
444200,SOL 코리아메가테크액티브,47340,1812315,0.19999999999999996,0.6346685082872927,1.8136701337295693,85
292500,SOL KRX300,43730,82311,0.25189659614668924,0.6854885334361149,1.7032206218705568,85
375760,HANARO 탄소효율그린뉴딜,21910,1292,0.2455940875497442,0.6968711276332094,1.6560795247908837,85
376410,TIGER 탄소효율그린뉴딜,22060,12708,0.24950438969130562,0.699537750385208,1.6479414235986076,85
421320,PLUS 우주항공&UAM,43620,731701,0.14383112626196404,1.029781293624942,1.3828253031792856,84
385590,ACE ESG액티브,20100,1846,0.24883504193849015,0.6368078175895766,1.685729556386959,84
326240,RISE IT플러스,37360,66643,0.2313777191825972,0.6597067969791204,1.529109125372326,84
413930,WON AI ESG액티브,24645,8420,0.24187452758881323,0.6719810040705563,1.6614470842332612,84
277640,TIGER 코스피대형주,33555,180827,0.24254767635623042,0.686180904522613,1.6373496816788493,84
475300,SOL 반도체전공정,18605,846771,0.3148409893992934,0.7123791992636908,1.5333605664488017,84
455850,SOL AI반도체소부장,27015,7756676,0.32296767874632715,0.6018381262970649,1.5370961682945152,83
457930,BNK 미래전략기술액티브,29875,1604,0.1831683168316831,0.6500966583816625,1.6217639315489252,83
367740,HANARO Fn5G산업,31935,6904,0.285369289595492,0.6063883299798793,1.5816491511721908,83
325010,KODEX 성장주,36635,22390,0.22259302519606217,0.6595696489241223,1.539688041594454,83
337120,KODEX 멀티팩터,31340,1745,0.2520974830203755,0.6754878374766105,1.5680104883644708,83
138520,TIGER 삼성그룹,28415,280738,0.24137177806902588,0.6288334766408714,1.6743529411764704,83
404650,SOL KRX기후변화솔루션,24925,2002,0.2808324768756423,0.7061400506537066,1.6242366814066118,82
266160,RISE 고배당,32815,493396,0.2736270133902581,0.7106292029401031,1.6016808055181162,82
404540,TIGER KRX기후변화솔루션,25215,16468,0.28385947046843185,0.708912233141308,1.622192179700499,82
404260,KODEX 기후변화솔루션,25005,3429,0.27837423312883436,0.706243602865916,1.6307206733298263,82
391670,HK 베스트일레븐액티브,24260,13475,0.2230904965969247,0.6783120027672085,1.6765225066195941,82
139220,TIGER 200 건설,7965,1341993,0.35344095157179267,0.8310344827586207,1.6453005645964796,81
289260,TIGER MSCI KOREA ESG리더스,23005,3372,0.21590909090909083,0.5295877659574468,1.6216524216524215,81
403790,마이다스 코스피액티브,52240,8112,0.23791469194312787,0.646132030880731,1.5485413211044978,81
441800,TIME Korea플러스배당액티브,30275,994833,0.30170263995184454,0.6811038924981954,1.540914813260596,81
364690,KODEX 혁신기술테마액티브,34300,17624,0.2396096855800507,0.6748046875,1.504015184698496,81
450190,KODEX 한중반도체(합성),39625,449,0.16561259008677753,0.5881763527054109,1.3770245950809836,81
298770,KODEX 한국대만IT프리미어,60320,13739,0.21441513992349504,0.6102079496009183,1.4985502443873746,80
305050,ACE 코스피,65555,24971,0.23688679245283017,0.6362161487582678,1.494292671790579,80
377990,TIGER Fn신재생에너지,25900,188996,0.2872763419483102,0.5097639172252988,1.9650829994275902,80
449690,TIGER 한중반도체(합성),39010,748,0.1584261321455085,0.5777553083923155,1.371716926070039,80
275280,KODEX 모멘텀주,36125,6401,0.23209413369713516,0.6450364298724955,1.5786994075237346,80
454320,HANARO CAPEX설비투자iSelect,45690,45234,0.20331840927047673,0.4819980538436588,1.913531437316669,80
102780,KODEX 삼성그룹,20640,2467250,0.22347362181387087,0.6087295401402961,1.4852498494882602,79
302450,RISE 코스피,65190,75924,0.23604027227394253,0.631177280120105,1.4837124242770603,79
277630,TIGER 코스피,65340,197475,0.23750000000000004,0.6303615540085337,1.4815799468287123,79
365040,TIGER AI코리아그로스액티브,31780,39911,0.23995317986734288,0.6276568501920614,1.499410145497444,79
226490,KODEX 코스피,64600,838219,0.23648195999617183,0.6360643282259086,1.4849021040889334,79
473640,HANARO 글로벌금채굴기업,42535,115628,0.04408552001767352,0.46510746762193445,1.7720933263816474,79
108450,ACE 삼성그룹섹터가중,34245,32314,0.22940226171243938,0.6009817671809257,1.4871087224925557,78
227830,PLUS 코스피,64940,946,0.23211778545137185,0.627161112503132,1.4669503115028113,78
223190,KODEX 200가치저변동,27290,19096,0.24045454545454548,0.6415037593984962,1.504129198017985,78
261140,TIGER 우선주,26875,142119,0.25291375291375284,0.5762463343108504,1.6381662903700795,78
385520,KODEX 자율주행액티브,16890,92170,0.17905759162303658,0.6814335490293679,1.2442200372043581,78
091180,KODEX 자동차,39135,4040279,0.2373138575358058,0.8013808975834291,1.1981015502134351,78
373490,KODEX 코리아혁신성장액티브,27165,2933,0.21570821212799274,0.5988816951147733,1.407604360542409,77
498400,KODEX 200타겟위클리커버드콜,19790,17372960,0.23749374687343683,0.6197413651988868,1.4113561593761421,77
385720,TIME 코스피액티브,23190,498754,0.24610424502955408,0.6871589668970535,1.4106029106029108,77
367770,RISE 수소경제테마,27345,322276,0.1873643074250977,0.6502715751357875,1.591206292049654,77
464600,SOL 자동차소부장Fn,19185,44526,0.2393410852713178,0.7098930481283423,1.0960340871845298,77
213610,KODEX 삼성그룹밸류,19030,148086,0.22143774069319644,0.5766362883181442,1.3781554611347162,76
395170,KODEX Top10동일가중,16515,73177,0.19284940411700968,0.6113767196799689,1.3162692847124826,76
448570,FOCUS AI코리아액티브,29175,3324,0.20383742521147097,0.6239910937934874,1.3297133274774415,76
446770,ACE 글로벌반도체TOP4 Plus,61450,735385,0.12233343074225589,0.43547934965427015,1.490273950397147,76
423170,SOL 한국형글로벌반도체액티브,43250,109764,0.15765524625267657,0.4965397923875432,1.436207964851011,76
388420,RISE 비메모리반도체액티브,22975,343146,0.2717962911707723,0.4638419878942339,1.3815693998134133,76
139290,TIGER 200 경기소비재,33285,284854,0.25674910326599965,0.7569279493269991,1.1797642436149314,75
476260,HANARO 반도체핵심공정주도주,12960,260469,0.2078285181733457,0.638432364096081,1.1694007365249415,75
411540,SOL 200 Top10,18015,127405,0.19581812147361433,0.5827622561939905,1.2345571818407342,75
381560,HANARO Fn전기&수소차,15370,24145,0.25828898894801466,0.6429716729021913,1.1235147830892513,75
407310,HANARO 200 TOP10,17715,22380,0.18972464741437212,0.5899299946149703,1.2387210918741314,75
488200,KIWOOM K-2차전지북미공급망,15695,53698,0.21902912621359216,0.5178916827852997,1.3033460522453773,75
395750,PLUS ESG가치주액티브,18455,3179,0.2213765718067504,0.5916343251401466,1.2914079960268188,74
472150,TIGER 배당커버드콜액티브,19010,3423435,0.213223562448146,0.6137521222410867,1.2526365683137812,74
117700,KODEX 건설,6955,1839027,0.3491755577109603,0.8571428571428572,1.2348971722365039,74
404120,TIME K신재생에너지액티브,27070,12694,0.2346636259977195,0.6756422160321882,1.3206172310330047,74
229720,KODEX KTOP30,33940,16129,0.2069701280227596,0.5923058878723904,1.1991835676796474,74
228820,TIGER KTOP30,17095,63596,0.21198156682027647,0.5961718020541551,1.201545396007727,74
476850,KoAct 배당성장액티브,19785,138256,0.21678966789667897,0.6093216203025866,1.2652850927410122,73
280920,PLUS 주도업종,24595,2559,0.2199900793650793,0.5939727802981205,1.2724752841171578,73
380340,ACE 코리아AI테크핵심산업,20845,30766,0.1867349843438657,0.4022872519340732,1.303314917127072,73
462010,TIGER 2차전지소재Fn,7850,9145724,0.1501831501831501,0.5621890547263682,0.9339738851933974,73
395760,PLUS ESG성장주액티브,19555,7974,0.2044964582691715,0.5513685045616818,1.3062861186460668,73
234310,RISE V&S셀렉트밸류,29105,75,0.20169281585466559,0.5419867549668873,1.175912081339713,72
445690,BNK 주주가치액티브,31270,600,0.2019988468191427,0.5373647984267453,1.23197715917202,72
385510,KODEX 신재생에너지액티브,42210,287688,0.256998213222156,0.5186184565569347,1.495123248802979,72
325020,KODEX 배당가치,28820,298101,0.22795057520238604,0.5704866219824534,1.1764083975230326,72
261060,TIGER 코스닥150IT,25200,198465,0.22300412521232715,0.6216216216216217,1.0511150903467361,72
494330,ACE 라이프자산주주가치액티브,23400,188141,0.2681552135269889,0.5981423302827482,1.2652468538238142,72
469070,RISE AI&로봇,17650,1463746,-0.02188972014408419,0.6342592592592593,0.9052245250431779,71
463250,TIGER K방산&우주,43490,2617454,0.09962073324905174,0.5980158001102334,1.40861763402747,71
307520,TIGER 지주회사,22715,1064450,0.23384030418250945,0.45515695067264583,1.3195139385275199,71
337150,KODEX 200exTOP,27280,4487,0.17182130584192445,0.4350341925302472,1.2314928425357872,71
147970,TIGER 모멘텀,73900,11223,0.22350993377483452,0.49913784359468516,1.2587645566525048,71
387280,TIGER 퓨처모빌리티액티브,14000,35304,0.2189812799303439,0.4861995753715498,0.9762845849802371,71
0000J0,PLUS 한화그룹주,38810,637700,0.21054273237679344,0.6486830926083262,1.214045296366022,70
0005D0,SOL 전고체배터리&실리콘음극재,20530,2814563,0.14468915528296633,0.579959981529937,0.7390936044049132,70
461950,KODEX 2차전지핵심소재10,7560,2865385,0.14199395770392753,0.47945205479452047,0.8256459792320696,70
498860,RISE 코리아금융고배당,21430,450800,0.2697754340226344,0.5211527541169789,1.2641310089804545,70
442090,에셋플러스 코리아대장장이액티브,26495,15012,0.17703243003109725,0.449001914137271,1.1978432185815016,70
385600,ACE 2차전지&친환경차액티브,12165,62808,0.23439878234398792,0.5829538061158099,0.7196776929601356,70
433250,UNICORN R&D 액티브,23915,204,0.1597963142580019,0.4835607940446651,1.0510291595197256,69
482030,KoAct 반도체&2차전지핵심소재액티브,12935,37500,0.13365468886941279,0.5146370023419204,0.9398620275944811,69
455860,SOL 2차전지소부장Fn,7160,1845846,0.1548387096774193,0.4808686659772492,0.7926890335503254,69
140570,RISE 수출주,25340,2874,0.1938751472320377,0.44552196235025665,1.1189062630654738,69
140580,RISE 우량업종대표주,26170,1857,0.23095014111006584,0.527729130180969,1.1508999753431413,69
211900,KODEX 코리아배당성장,31575,71029,0.2597749760612831,0.5283155856727977,1.0481966787752985,68
469160,ACE 일본반도체,22040,37669,0.07669760625305333,0.45085906128628794,0.9852278868672311,68
279540,KODEX 최소변동성,20985,534,0.21335646140503028,0.44774060020696793,1.080813088745662,68
465660,TIGER 일본반도체FACTSET,22555,36329,0.0848444038285796,0.46394496008307917,0.9259670395354795,68
211560,TIGER 배당성장,39590,95298,0.26445225167678066,0.5279814743342339,1.0605839795971477,68
102960,KODEX 기계장비,17785,44456,0.1043154299906861,0.33370828646419204,1.272553028366982,68
139250,TIGER 200 에너지화학,19180,99236,0.22869955156950672,0.3778735632183907,0.9581419091373149,67
139230,TIGER 200 중공업,17240,1348636,0.09148464704020265,0.2798812175204157,1.4830764799078207,67
470310,UNICORN 생성형AI강소기업액티브,14875,1149,0.14864864864864868,0.36342804766269476,0.9508196721311475,67
483320,ACE 엔비디아밸류체인액티브,17795,474389,0.07913887204366277,0.24991220060405994,1.1783572040641448,67
131890,ACE 삼성그룹동일가중,35695,2576,0.16688460281137618,0.4103121295930463,1.0978548339700263,67
464920,PLUS 일본반도체소부장,23350,23101,0.07628485826227238,0.3820656999112164,0.9539748953974896,67
284980,RISE 200금융,23125,54086,0.2207675658554611,0.41645228469925266,1.1188381894814001,66
490480,SOL K방산,35710,236680,0.06517524235645045,0.48760674859404296,1.1106448371653173,66
117680,KODEX 철강,17370,582963,0.13196480938416433,0.5335040169506489,0.7418772563176896,66
465330,RISE 2차전지TOP10,14385,654031,0.1416666666666666,0.44355243351731066,0.6799019035384795,66
139270,TIGER 200 금융,17315,190261,0.21050055928411626,0.41740340537000664,1.1092703130710198,66
475070,KoAct 글로벌친환경전력인프라액티브,30845,19059,0.07473867595818806,0.29031583350763435,1.1938122332859176,66
453950,TIGER TSMC파운드리밸류체인,28460,29004,0.05740293516626416,0.3768746976294146,0.9109648828308601,65
161510,PLUS 고배당주,28850,3018956,0.22479303757164093,0.42433966921747723,1.0388692579505299,65
449450,PLUS K방산,70770,3482340,0.060463025398965975,0.44649974450689833,1.163426265590609,65
417630,TIGER KEDI혁신기업ESG30,19255,12043,0.1871146732429101,0.446656649135988,0.8734189531037166,65
442320,RISE 글로벌원자력,45215,251320,0.05704266510812395,0.225670913526701,1.3414116306768165,65
417450,RISE 글로벌수소경제,13745,10292,0.04405620964679069,0.1696876861543699,1.020729197294913,64
466810,BNK 2차전지양극재,8055,88939,0.13771186440677963,0.38046272493573263,0.6142284569138277,64
407300,HANARO Fn골프테마,12240,477,0.13438368860055605,0.39789858382823207,1.0578345662407531,64
484880,SOL 금융지주플러스고배당,22800,926327,0.19760479041916157,0.37134608444604833,1.1354313009272268,64
381570,HANARO Fn친환경에너지,11820,15225,0.22996878251821018,0.5,0.8342644320297952,64
285690,FOCUS ESG리더스,21220,14,0.17987211565193206,0.39147540983606555,0.8867253489819507,64
466940,TIGER 은행고배당플러스TOP10,27330,1617689,0.19214830970556163,0.3424038508767622,1.0573622402890694,63
394670,TIGER 글로벌리튬&2차전지SOLACTIVE(합성),11975,123871,0.020451640391989878,0.233264675592173,0.8528547114343183,63
104520,KIWOOM 블루칩,15900,891,0.16228070175438591,0.4021164021164021,0.8644465290806753,63
139240,TIGER 200 철강소재,16565,174925,0.12001352265043952,0.4849843119677275,0.6844620703681106,63
104530,KIWOOM 고배당,21340,43106,0.23373995490547483,0.4078374455732947,0.9858552019356039,63
279530,KODEX 고배당주,19200,928200,0.2653222617635429,0.42750929368029733,0.9312009656004827,63
270810,RISE 코스닥150,20920,2570140,0.11365451157838691,0.42312925170068016,0.705805609915199,62
229200,KODEX 코스닥150,21100,46177012,0.11610685003967203,0.4280879864636209,0.7096094636201589,62
301400,PLUS 코스닥150,21290,34196,0.11553576106890229,0.4269436997319034,0.7019745783036213,62
450910,SOL 코스닥150,20650,70142,0.11501079913606915,0.42561270279599595,0.7067526241838169,62
354500,ACE 코스닥150,21230,899751,0.11707445409102868,0.4310751600943714,0.7022129570237332,62
316670,KIWOOM 코스닥150,10515,573114,0.11624203821656054,0.4247967479674797,0.7170150228608752,62
322410,HANARO K고배당,24510,50766,0.17740308401786997,0.37944619540747415,0.889745566692367,61
385710,TIME K이노베이션액티브,13705,30515,0.12152209492635024,0.44339125855713535,0.7184952978056427,61
304770,HANARO 코스닥150,21060,261393,0.11428571428571432,0.42682926829268286,0.6992092948200743,61
117460,KODEX 에너지화학,17545,181790,0.20377358490566033,0.3454754601226995,0.7350672468354431,61
305540,TIGER 2차전지테마,23950,1872830,0.13912009512485146,0.3485360360360361,0.5974121256586407,61
232080,TIGER 코스닥150,21525,9120610,0.11413043478260865,0.4259688638622061,0.7005056091009638,61
305720,KODEX 2차전지산업,19430,9460897,0.13228438228438222,0.35259310824921686,0.5676940455058899,60
091170,KODEX 은행,16180,1050590,0.17348418914998542,0.3360858794384807,1.0017320301868118,60
091220,TIGER 은행,16925,78738,0.1698230577826929,0.32922327809628515,1.0122458685055284,60
446700,RISE 배터리 리사이클링,14205,38348,0.0660412757973734,0.4106256206554122,0.6164087391898043,60
140700,KODEX 보험,16445,670081,0.22861412028389982,0.36813643926788675,0.9245172615564659,60
491510,파워 K-주주가치액티브,18835,559,0.18608312342569278,0.3688226744186047,0.8694789081885856,59
491010,TIGER 글로벌AI전력인프라액티브,23690,404174,0.1289015963783655,0.25416909312298164,0.9929334567174224,59
210780,TIGER 코스피고배당,27085,105763,0.19818624198186252,0.39283143062840686,0.8436457695187529,59
422420,RISE 2차전지액티브,9555,1664296,0.13345195729537362,0.40226005283240385,0.47681607418856253,59
461580,TIGER 코스닥글로벌,19990,551128,0.1252462707571067,0.36450511945392483,0.7482945600839601,59
461450,KODEX 코스닥글로벌,19635,78093,0.11435868331441545,0.367816091954023,0.7448680351906158,59
252650,KODEX 200동일가중,20265,2811,0.17037250938492643,0.36879432624113484,0.8055060584461868,58
252000,TIGER 200동일가중,21365,2498,0.17004381161007665,0.3556472081218274,0.8241974043715847,58
0007G0,PLUS 글로벌원자력밸류체인,16740,62981,-0.05769772023641995,0.18630855361065835,1.0447050201539025,58
192720,파워 고배당저변동성,61325,29189,0.1732351253108857,0.34647052365792064,0.8201110022853411,58
226980,KODEX 200 중소형,25730,23957,0.16110108303249104,0.31611253196930944,0.9070560332048621,58
469170,ACE 포스코그룹포커스,7860,1224789,0.0947075208913648,0.3980789754535752,0.530373831775701,58
244620,KODEX 모멘텀Plus,20825,397,0.1961516369902354,0.45915078475336313,0.6850068775790921,57
138530,TIGER LG그룹플러스,10975,695908,0.19163952225841485,0.2746806039488967,0.7756026532923475,57
445910,TIGER MKF배당귀족,22550,34107,0.17203742203742212,0.37651080454156993,0.7494181536074476,57
227550,TIGER 200 산업재,13980,8211,0.11929543634907924,0.3973013493253372,0.7525385483264384,57
480040,ACE 미국반도체데일리타겟커버드콜(합성),14030,136050,0.033517495395948504,0.24357383442652014,0.7306031824349328,57
483420,ACE 애플밸류체인액티브,17865,42531,0.14519230769230762,0.2566826111423748,0.767586821015138,57
469060,RISE 미국반도체NYSE,24530,6597,0.015524736079486567,0.2325394432720329,0.7134674490081028,56
438740,마이다스 중소형액티브,38780,627,0.13358667056416262,0.31292954599316114,0.8293315722439738,56
476000,UNICORN 포스트IPO액티브,12960,2100,0.022888713496448387,0.18356164383561646,0.8527519656897784,56
445150,KODEX 친환경조선해운액티브,36380,29040,0.06265517744997817,0.2549154880993445,1.0198767419910055,56
227570,TIGER 우량가치,20715,10795,0.19360414866032838,0.3364516129032258,0.7275456592444334,56
381180,TIGER 미국필라델피아반도체나스닥,30690,1935090,0.010869565217391353,0.18976545842217485,0.7448405253283301,55
471040,KoAct 글로벌AI&로봇액티브,24540,147897,0.053671103477887616,0.2053045186640472,0.707724425887265,55
281990,RISE 중소형고배당,19815,5341,0.17109929078014185,0.3080934776868234,0.733899194959748,55
483340,ACE 구글밸류체인액티브,17445,504207,0.03684992570579504,0.17340418376269584,0.791619595357913,55
390390,KODEX 미국반도체,40295,631922,0.012666180794651982,0.19057467868222777,0.7938387570671772,55
428510,KODEX 차이나AI테크액티브,20620,97292,0.08612062154332367,0.3512450851900393,0.43533342614506476,55
0000Z0,RISE 바이오TOP10액티브,18170,698524,0.07419450192137167,0.16549069916613224,0.6310592459605027,54
364980,TIGER 2차전지TOP10,11820,3413115,0.1365384615384615,0.28199566160520617,0.4140447421940423,54
0001P0,마이티 바이오시밀러&CDMO액티브,14775,14070,0.10798650168728918,0.33288227334235443,0.46810413354531,54
244580,KODEX 바이오,14135,3428959,0.0700227100681301,0.22699652777777768,0.7019867549668874,54
463050,TIME K바이오액티브,21175,2157805,0.06648199445983383,0.14552339734920205,0.6706114398422092,54
469050,RISE 미국반도체NYSE(H),21705,26477,0.017533167690216178,0.2512971290210999,0.6718015866902873,54
456600,TIME 글로벌AI인공지능액티브,41885,480759,0.04412314595537836,0.21423394694883324,0.7245851690204637,53
105010,TIGER 라틴35,6940,21663,0.06278713629402755,0.2461842341533489,0.6496315664368908,53
277540,ACE 아시아TOP50,28385,3664,0.07093001320505565,0.24615857406269215,0.5893057110862263,53
413220,SOL 차이나태양광CSI(합성),6445,3905,0.007818608287724738,0.19996276298640847,0.5444524323028996,53
462900,KoAct 바이오헬스케어액티브,24600,3180945,-0.0032414910858995505,0.14206128133704743,0.712495649147233,53
488290,마이다스 일본테크액티브,37065,811,0.11089465008242172,0.21004864353106334,0.6438994101210804,53
277650,TIGER 코스피중형주,23970,1661,0.150467962562995,0.2873254564983889,0.6317222600408441,52
494670,TIGER 조선TOP10,30845,1776883,0.02135761589403984,0.15632614807872547,0.8778156581030074,52
396520,TIGER 차이나반도체FACTSET,11290,418940,-0.037510656436487655,0.24257098833370017,0.46814044213263983,52
402460,HANARO Fn K-메타버스MZ,10910,2447,0.14781693845344557,0.3272506082725062,0.5501562944018188,52
174350,TIGER 로우볼,21830,39334,0.15870488322717624,0.26002886002886005,0.7256916996047431,52
466920,SOL 조선TOP3플러스,38335,2478021,0.009214163485586457,0.15345268542199486,0.8650870876714996,51
460280,KIWOOM Fn유전자혁신기술,14615,6113,0.12336664104534978,0.2610008628127696,0.5723507261968801,51
266390,KODEX 경기소비재,12925,12968,0.22453813358597818,0.328365878725591,0.597256549678695,51
0018C0,PLUS 고배당주위클리고정커버드콜,14310,313620,0.15505690531923477,0.27540106951871657,0.688097204199599,51
0015B0,KoAct 미국나스닥성장기업액티브,15855,266596,0.020598648213711046,0.13371469431533778,0.7337342810278842,51
497570,TIGER 미국필라델피아AI반도체나스닥,16975,784082,-0.0014705882352941124,0.1134067952249771,0.7483777937995675,51
270800,RISE KQ고배당,16940,857,0.15300843996732927,0.3070987654320987,0.548304542546385,50
244670,KODEX 밸류Plus,12875,5250,0.18216876319897168,0.28211511651065524,0.5836408364083641,50
419430,KODEX 차이나2차전지MSCI(합성),11540,15710,0.01050788091068311,0.10801728276524236,0.6196491228070176,50
238720,ACE 일본Nikkei225(H),42295,10368,0.10966810966810958,0.21596757036483338,0.5908748965621005,50
433220,에셋플러스 글로벌대장장이액티브,29290,2379,0.08884758364312262,0.18679092382495943,0.6450435270991295,50
220130,SOL 차이나강소기업CSI500(합성 H),7235,437,0.02696948190205828,0.2828014184397163,0.523157894736842,50
498050,HANARO 바이오코리아액티브,17500,54538,0.01744186046511631,0.15321252059308077,0.5730337078651686,49
396510,TIGER 차이나클린에너지SOLACTIVE,8970,32245,0.01931818181818179,0.182753164556962,0.48632974316487165,49
0008E0,ACE 미국중심중소형제조업,13605,79418,0.04815100154083196,0.20398230088495573,0.6360028860028859,49
440910,WON 미국우주항공방산,27210,50508,-0.015200868621064068,0.20026466696074108,0.6724031960663799,49
399580,RISE 글로벌클린에너지,10160,14548,0.024710035300050448,0.14067587290894812,0.6955941255006675,49
261070,TIGER 코스닥150바이오테크,21725,599668,0.03872818551278989,0.2086230876216968,0.521678223716467,49
487230,KODEX 미국AI전력핵심인프라,20155,1383802,0.13998868778280538,0.15336194563662375,0.8170753696357735,48
256750,KODEX 차이나심천ChiNext(합성),15300,25152,-0.006815968841285325,0.10869565217391308,0.53,48
276000,TIGER 글로벌자원생산기업(합성 H),21000,16304,0.07526881720430101,0.29821958456973285,0.5002143163309045,48
326230,RISE 내수주플러스,13120,11405,0.12280701754385959,0.26275264677574595,0.5391834819333645,48
483020,KIWOOM 의료AI,14835,32866,0.07189306358381509,0.14291217257318944,0.4373607208603818,48
266550,PLUS 중형주저변동50,18990,2959,0.17657992565055758,0.2588664235996023,0.5472989489122464,48
495940,RISE 미국AI테크액티브,15060,25123,0.050575514475061034,0.20663408380738724,0.5280032467532467,47
414780,TIGER 차이나과창판STAR50(합성),12800,480533,-0.03650733910425297,0.15315315315315314,0.41765422527411666,47
140710,KODEX 운송,7580,635041,0.16168582375478935,0.3707052441229657,0.40839836492010395,47
241180,TIGER 일본니케이225,32830,79570,0.09928009375523184,0.20089253054356582,0.5152074583467947,47
415340,KODEX 차이나과창판STAR50(합성),13040,13298,-0.033716191181919264,0.16169265033407565,0.4158523344191096,47
441540,HANARO Fn조선해운,33730,63151,0.02710109622411694,0.14280874131797394,0.7138356790813476,46
419420,KODEX 미국클린에너지나스닥,9235,27200,-0.03034439311213777,0.1091760749459525,0.6201754385964913,46
415760,SOL 차이나육성산업액티브(합성),12185,120714,-0.03523357086302459,0.15322733295476065,0.38418720890605473,46
256450,PLUS 심천차이넥스트(합성),14765,2182,-0.008727760993622047,0.10640689396777825,0.5165365653245686,46
494840,TIGER 미국방산TOP10,14795,108608,0.018238128011011767,0.21910019775873435,0.5401832188215698,46
266420,KODEX 헬스케어,25350,156668,0.06133556625497172,0.19350282485875714,0.4133586083853702,46
419650,PLUS 글로벌수소&차세대연료전지,5020,84195,0.039337474120082705,0.06355932203389836,0.5034441449535789,45
143860,TIGER 헬스케어,55720,199636,0.05500331345261755,0.1914893617021276,0.39338318037460307,45
452440,VITA 밸류알파액티브,19435,200,0.08393753485778022,0.21765553536745808,0.5322453484705141,45
291130,ACE MSCI멕시코(합성),20005,4531,0.036260036260036266,0.18044491650439598,0.5937699171446782,45
498410,KODEX 금융고배당TOP10타겟위클리커버드콜,13745,2014364,0.11838893409275841,0.17318197336975083,0.6705153135634419,45
461340,HANARO 글로벌생성형AI액티브,30370,68353,0.039712427250941484,0.13063549383865092,0.6072184589331076,45
360140,KODEX 200롱코스닥150숏선물,13890,36624,0.11655948553054651,0.16624685138539053,0.5657761244504564,44
401170,RISE 메타버스,8825,72450,0.09559279950341404,0.23340321453529,0.4344928478543564,44
416090,ACE 중국과창판STAR50,11900,18907,-0.039548022598870025,0.14093959731543615,0.3522727272727273,44
411420,KODEX 미국나스닥AI테크액티브,22230,173561,0.06312769010043051,0.13331633953606925,0.5787231020524111,44
486450,SOL 미국AI전력인프라,21270,360130,0.055059523809523725,0.07750759878419444,0.7322257512826778,44
489860,KIWOOM 글로벌전력GRID인프라,15530,14100,0.09838036636254333,0.18622059272838376,0.5344333563877086,44
185680,KODEX 미국S&P바이오(합성),39160,11227,-0.011859702245773374,0.04663904850995593,0.4291970802919709,43
251590,PLUS 고배당저변동50,18935,17554,0.15422127400182872,0.1993286040030402,0.5286187131670299,43
394660,TIGER 글로벌자율주행&전기차SOLACTIVE,15740,45365,-0.008503937007873996,0.14000144854059537,0.4486884491486425,43
227560,TIGER 200 생활소비재,14180,14748,0.06536438767843733,0.14262691377921022,0.6432958627882721,43
478150,TIME 글로벌우주테크&방산액티브,22435,370071,0.0004459308807134299,0.2042404723564144,0.49208566108007457,43
479620,SOL 미국AI반도체칩메이커,15380,68007,-0.06076335877862593,0.0374367622259697,0.5913088463528196,42
496770,PLUS 글로벌방산,20320,77660,-0.017883035282745263,0.23114207815813392,0.483644859813084,42
253280,RISE 헬스케어,19645,14616,0.04328199681359535,0.21190623072177672,0.3042756606028416,42
466950,TIGER 글로벌AI액티브,25025,106395,0.015418949076891897,0.10632183908045967,0.49554772007410497,42
457480,ACE 테슬라밸류체인액티브,21395,1123082,-0.014282423404745503,0.0483120192072124,0.5907063197026021,42
195920,TIGER 일본TOPIX(합성 H),33535,1150,0.09663178548070639,0.1857784378204448,0.44112591319295236,42
473490,KIWOOM 글로벌AI반도체,22435,16778,-0.05373486861529375,0.07855391567713088,0.6269035532994924,41
139280,TIGER 경기방어,14560,43728,0.07891811782141533,0.19638455217748563,0.42312579415501905,41
426030,TIME 미국나스닥100액티브,37495,468424,0.020272108843537362,0.08508175372594406,0.5433851979912736,41
276990,KODEX 글로벌로봇(합성),26055,23857,0.05145278450363189,0.17815962016730724,0.3580922595777951,41
195980,PLUS 신흥국MSCI(합성 H),14315,63598,0.056067871634083444,0.18452627223831186,0.419434804164601,41
365000,TIGER 인터넷TOP10,5460,755258,0.07905138339920947,0.16916488222698067,0.30528328950513983,41
215620,HK S&P코리아로우볼,18900,109,0.11801242236024834,0.18309859154929575,0.44761029411764697,40
489010,PLUS 글로벌AI인프라,17350,7222,0.046757164404223284,0.10862619808306717,0.5195305657733404,40
218420,KODEX 미국S&P500에너지(합성),18255,38407,0.09180622009569372,0.20894039735099335,0.2788091068301226,40
488480,RISE 일본섹터TOP4Plus,13910,2514,0.09917028842354791,0.19594187946006358,0.35733801717408276,40
368680,KODEX K-뉴딜디지털플러스,9865,4352,0.05395299145299148,0.14976689976689972,0.2820012995451593,40
291890,KODEX MSCI EM선물(H),11760,1297,0.04953145917001334,0.18417077837075824,0.39253996447602124,40
407820,에셋플러스 코리아플랫폼액티브,9410,1505,0.12023809523809526,0.20951156812339322,0.39717891610987377,39
368190,HANARO Fn K-뉴딜디지털플러스,9795,27149,0.0532258064516129,0.14628437682855466,0.28374836173001317,39
314700,HANARO 농업융복합산업,12475,1555,0.1188340807174888,0.15669911914696333,0.38981729055258474,39
401470,KODEX 메타버스액티브,9475,88095,0.06760563380281681,0.2549668874172186,0.33941193101498435,39
459560,KODEX 테슬라밸류체인FactSet,20115,10213,-0.024632691654948413,0.07976810349455143,0.4382239382239381,39
266410,KODEX 필수소비재,9575,71672,0.11466821885913858,0.1698228466707392,0.45671687205233535,38
245710,ACE 베트남VN30(합성),31930,60769,0.011563440519562818,0.06664439619174889,0.45453717201166177,38
227540,TIGER 200 헬스케어,25020,45478,0.06717850287907878,0.1588698471514589,0.23634926125413847,38
388280,RISE K엔터&여행레저,8905,101599,0.1096573208722742,0.225739848589126,0.3700000000000001,38
101280,KODEX 일본TOPIX100,30350,30441,0.07972535486854748,0.16345932684198416,0.3370044052863437,38
322400,HANARO e커머스,13720,32233,0.0246452576549665,0.14524207011686152,0.3493312352478364,38
364960,TIGER BBIG,7920,101209,0.057409879839786404,0.12740213523131683,0.2633593874621152,37
426020,TIME 미국S&P500액티브,29010,160395,0.021838675589996415,0.06263736263736264,0.41085497519696523,37
437370,RISE 글로벌농업경제,11215,6163,0.04083526682134564,0.183766096685666,0.27879133409350065,37
203780,TIGER 미국나스닥바이오,31095,36653,-0.010815969460792108,0.016143263292049292,0.3185904503434822,37
394350,KIWOOM 글로벌퓨처모빌리티,15885,1431,0.008571428571428674,0.07841140529531576,0.45867768595041314,37
497780,KoAct 미국천연가스인프라액티브,11075,25528,0.11721981236759804,0.1592003349382458,0.25240303064570857,37
490330,KoAct 미국치매&뇌질환치료제액티브,12105,8398,-0.015052888527257946,0.01936842105263148,0.19202363367799125,36
490590,RISE 미국AI밸류체인데일리고정커버드콜,12285,705573,-0.06034878384580078,-0.013253012048192736,0.4854897218863361,36
485690,RISE 미국AI밸류체인TOP3Plus,16710,43552,-0.06569751188146489,-0.016769638128861453,0.5196435067297198,36
447430,ACE 주주환원가치주액티브,17390,70825,0.13987939171473518,0.17420661715057384,0.2866232613199171,36
307510,TIGER 의료기기,20060,4513,-0.031151895677372643,0.1489117983963344,0.3446842740313716,36
244660,KODEX 퀄리티Plus,10530,20,0.1119324181626189,0.17260579064587978,0.27760252365930604,36
269530,PLUS S&P글로벌인프라,22295,9882,0.088144858216604,0.1169280096187566,0.33623014683847763,35
269370,TIGER S&P글로벌인프라(합성),19080,1972,0.08415250866526502,0.11111111111111116,0.33857162901641646,35
387270,TIGER 글로벌이노베이션액티브,21830,4498,0.011584800741427204,0.07930386631068931,0.34173325138291344,35
200030,KODEX 미국S&P500산업재(합성),43480,7928,0.059583282563665074,0.14451171360884452,0.2992678918272822,35
315270,TIGER 200커뮤니케이션서비스,24515,10108,0.01637645107794361,0.1571866886948312,0.28411293279555805,35
464310,TIGER 글로벌AI&로보틱스 INDXX,15965,119675,0.009803921568627416,0.13106624158696412,0.22751037982469624,35
174360,RISE 중국본토대형주CSI100,24330,21891,-0.0012315270935960854,0.06212074911599075,0.28519359780254616,34
497510,ACE 글로벌빅파마,12935,3743,0.02180267003712766,0.06671614712188689,0.14733014014546741,34
269420,KODEX S&P글로벌인프라(합성),24170,15818,0.07517793594306044,0.10395542157668758,0.3075466594536109,34
157490,TIGER 소프트웨어,10460,740512,0.002395783421178743,0.12412681354110688,0.25239463601532575,34
400970,TIGER Fn메타버스,8650,79042,0.029761904761904656,0.17447386286490163,0.2583648530695375,34
283580,KODEX 차이나CSI300,15900,256976,0.007030210906327161,0.064470777264511,0.27844335450671376,33
480310,TIGER 글로벌온디바이스AI,13450,30592,-0.033694949349809655,0.03901120123599844,0.32734629428599615,33
498270,KIWOOM 미국양자컴퓨팅,12380,399808,-0.09064198619068609,-0.06706857573474001,0.62020677921738,33
168580,ACE 중국본토CSI300,35725,23636,0.006338028169014187,0.06232715810758571,0.27411819251756486,33
364970,TIGER 바이오TOP10,9435,1679452,0.02777777777777768,0.10739436619718301,0.1446075457964333,33
245350,TIGER 유로스탁스배당30,19185,14985,0.03339617559924579,0.10328368508827412,0.36918355695118477,33
195970,PLUS 선진국MSCI(합성 H),16180,18978,0.03684716437039404,0.1491477272727273,0.24653312788906012,32
192090,TIGER 차이나CSI300,12865,111206,0.000777907429015956,0.05347199475925324,0.26711316852161926,32
391600,ACE 미국친환경그린테마,11530,3319,-0.01030042918454932,0.020444287105053638,0.3706609605325726,32
494180,TIME 글로벌소비트렌드액티브,14025,597,0.009355883411299004,0.07594936708860756,0.26545159252909856,32
489250,KODEX 미국배당다우존스,12300,272575,0.06807919416464059,0.1442924923248674,0.14407962050041867,32
458730,TIGER 미국배당다우존스,14285,2073008,0.0679575358851674,0.144173007609131,0.14720526823000313,32
446720,SOL 미국배당다우존스,13085,731899,0.06764033942558756,0.1442938347179712,0.14449400857167838,31
458760,TIGER 미국배당다우존스타겟커버드콜2호,10960,547186,0.073983341499265,0.14620372307048735,0.1266447368421053,31
402970,ACE 미국배당다우존스,14500,610697,0.06766806567999417,0.1430823807646826,0.14443567482241515,31
0008S0,TIGER 미국배당다우존스타겟데일리커버드콜,9990,274879,0.06993681053871703,0.14432989690721643,0.14184478226082975,31
493420,SOL 미국배당다우존스2호,12095,15195,0.06789687444817227,0.14590241591662712,0.14481779460482724,31
463300,RISE 중국본토CSI300,13690,1349,0.0018294914013903263,0.054293415479399254,0.2672405813200036,31
459790,KIWOOM 미국성장기업30액티브,18610,1323,-0.04146278650527946,0.03717327091344824,0.2880675526024363,30
441330,KIWOOM 차이나A50커넥트MSCI,12545,861,-0.03015075376884424,0.026175869120654394,0.2994613631655272,30
483290,KODEX 미국배당다우존스타겟커버드콜,10430,119027,0.0772567651311713,0.14577611776337474,0.11111111111111116,30
458750,TIGER 미국배당다우존스타겟커버드콜1호,12665,42974,0.06976940619984795,0.14232885361233882,0.13151076565710706,30
275980,TIGER 글로벌4차산업혁신기술(합성 H),21265,27532,-0.028995433789954284,0.08295986962721535,0.2488254639417431,30
452360,SOL 미국배당다우존스(H),12370,131627,0.0735983336226349,0.1657713693337104,0.12413667757179203,29
390400,KODEX 미국스마트모빌리티S&P,7215,14069,-0.03594334580438263,0.056987987108116034,0.286096256684492,29
459750,RISE 글로벌주식분산액티브,17420,18901,0.01367471632237427,0.06394674158675873,0.25486241175623103,29
280930,KODEX 미국러셀2000(H),15260,30325,-0.01037613488975353,0.08953305726117389,0.2193367958449861,29
0013P0,RISE 미국은행TOP10,11640,70271,-0.020861372812920553,0.028177722816005613,0.2939084037349933,29
276650,RISE 글로벌테크놀로지(합성 H),38770,8040,-0.020341124447252,0.03158342867785957,0.31700523133365044,29
493810,TIGER 미국AI빅테크10타겟데일리커버드콜,11295,313615,-0.04376904842533014,-0.041903469335821564,0.3080486392588304,28
479850,HANARO K-뷰티,16095,120217,0.003428927680797944,0.10390946502057608,0.3877392653905847,28
429010,TIGER 미국나스닥넥스트100,17340,265,-0.024198086662915008,0.04849437658725364,0.24265443600401326,28
0008T0,SOL 화장품TOP3플러스,14480,456524,0.012941587967820967,0.12221963884367981,0.40418929402637693,28
491090,KODEX 미국테크TOP3플러스,15820,16516,-0.04063068526379621,-0.04922170803533865,0.34833375948180345,28
213630,PLUS 미국다우존스고배당주(합성 H),20145,13229,0.03974193548387106,0.12072322670375524,0.17237967758831396,28
150460,TIGER 중국소비테마,8080,100799,0.04190844616376532,0.10457963089542033,0.2977834885962094,27
487950,KODEX 대만테크고배당다우존스,10635,10714,-0.009592102812441827,0.08167209113100071,0.1684245220830587,27
465670,TIGER 미국캐시카우100,14560,10278,-0.011742347111925566,0.04215875742609687,0.20032976092333055,27
491830,TIGER 미국AI반도체팹리스,14125,35904,-0.058897994536611376,-0.07492304669591987,0.40701265066241654,27
490090,TIGER 미국AI빅테크10,14370,134354,-0.047398077560490526,-0.04581673306772904,0.31605458375309103,27
483030,KIWOOM 미국블록버스터바이오테크의약품+,11370,5352,-0.010788237341221474,0.04831274202470959,0.10142400464981116,27
463640,KODEX 미국S&P500유틸리티,15660,12885,0.09243111266131843,0.03639973527465257,0.2236286919831223,26
480020,ACE 미국빅테크7+데일리타겟커버드콜(합성),11820,273249,-0.05628742514970064,-0.04731200128959456,0.2534464475079534,26
475050,ACE KPOP포커스,12285,1143550,0.012778235779060232,0.2321965897693079,0.19736842105263164,26
424460,HANARO 글로벌워터MSCI(합성),16820,1501,0.03475853583512767,0.0986283474853038,0.20074243289548832,26
488500,TIGER 미국S&P500동일가중,12390,249537,0.014409693794006806,0.07356381596048878,0.16469261139311908,26
189400,PLUS 글로벌MSCI(합성 H),24085,96,0.0006231823847111517,0.06570796460176997,0.20154652032925924,25
371460,TIGER 차이나전기차SOLACTIVE,12280,1695175,-0.023070803500397807,0.0017947462881382492,0.15511240711127838,25
489030,PLUS 고배당주위클리커버드콜,9555,839980,0.08382486388384747,0.10590277777777768,0.2608867775138559,25
251350,KODEX MSCI선진국,37360,72917,-0.006990404805571115,0.03541932265395498,0.20516129032258057,25
399110,SOL 미국S&P500ESG,19540,62028,-0.017300341983504275,0.011910926980838843,0.2041658963455968,25
483280,KODEX 미국AI테크TOP10타겟커버드콜,11665,608005,-0.06635184888746604,-0.054393644617380055,0.31362612612612617,25
329200,TIGER 리츠부동산인프라,4630,6097144,0.024562956406284586,0.07499419549570474,0.15518962075848308,24
309230,ACE 미국WideMoat동일가중,31095,31568,-0.014515260038665101,0.04457807041117978,0.15715242631735626,24
414270,ACE 글로벌자율주행액티브,13460,508874,0.030233448143895947,0.020547425885207415,0.22385888343335147,24
494340,ACE 글로벌AI맞춤형반도체,12760,14807,-0.022596706242818843,0.016004458953738254,0.29543147208121834,24
485810,TIME 글로벌바이오액티브,10530,8576,-0.05898123324396787,-0.02228412256267409,0.1227209723851157,24
485540,KODEX 미국AI테크TOP10,13840,320140,-0.07603978903798647,-0.059463132857628276,0.3249090560980279,24
490600,RISE 미국배당100데일리고정커버드콜,9200,116216,0.035219984246652514,0.08914407481946252,0.09589041095890405,23
460660,RISE 미국S&P배당킹,12145,9505,0.048791018998272984,0.10489446870451236,0.10399054631397142,23
195930,TIGER 유로스탁스50(합성 H),22250,17998,0.03152526657394539,0.10856459568531718,0.1188776023332998,23
441640,KODEX 미국배당커버드콜액티브,12770,1374384,0.009246818936220702,0.036105476673427894,0.17338969034273632,23
410870,TIME K컬처액티브,12560,48469,0.007621339751303635,0.16081330868761556,0.2343980343980343,23
379790,RISE 유로스탁스50(H),16675,15101,0.023320036821110834,0.10591590396604333,0.11635535917520246,23
497520,ACE 일라이릴리밸류체인,12510,23095,-0.0691964285714286,-0.023419203747072626,0.12641815235008114,22
453630,KODEX 미국S&P500필수소비재,13425,29473,0.05808638083228246,0.12503142545881163,0.0843227526047976,22
245340,TIGER 미국다우존스30,34455,29335,-0.007003285491959166,0.03789499051119072,0.15091692554364156,22
266360,KODEX K콘텐츠,14060,161918,-0.021572720946416157,0.09672386895475826,0.16044899306701876,22
429000,TIGER 미국S&P500배당귀족,13755,134540,0.026952366731372246,0.08085808580858078,0.11214424320827954,22
429760,PLUS 미국S&P500,18285,11173,-0.015294307717163003,0.004946413849958864,0.18718348266458906,21
411860,KIWOOM 독일DAX,18210,7825,-0.00595010644685845,0.08360606962213635,0.16313234542667354,21
226380,ACE Fn성장소비주도주,7125,1429,0.02517985611510798,0.10208816705336421,0.20131512392513917,21
463680,KODEX 미국S&P500테크놀로지,17465,37975,-0.056455969746083245,-0.027019498607242287,0.2590109573241062,21
422260,VITA MZ소비액티브,10995,1882,0.05721153846153837,0.08282450265905061,0.22139524550099976,21
228800,TIGER 여행레저,3655,654883,0.08941877794336817,0.09431137724550909,0.21630615640599005,21
360200,ACE 미국S&P500,24830,865220,-0.01464343823167591,0.005874012558233721,0.18503316947453818,20
433330,SOL 미국S&P500,20540,94194,-0.014064225027600408,0.0049415333431186426,0.18420294032862494,20
360750,TIGER 미국S&P500,24565,13404208,-0.015588683177045759,0.005731832139201698,0.18574117874209595,20
379780,RISE 미국S&P500,21450,1056700,-0.014925373134328401,0.005814498733939688,0.18475559237779615,20
379800,KODEX 미국S&P500,22445,17837239,-0.015915468256752052,0.00555530666188786,0.18599735799207395,20
444490,WON 미국S&P500,18750,127281,-0.015748031496062964,0.004823151125401992,0.1857332574464048,20
449770,KIWOOM 미국S&P500,19705,29953,-0.014947010597880395,0.004844467108618078,0.18128409567771708,19
133690,TIGER 미국나스닥100,159050,1202307,-0.0376295615027622,-0.01819775552784597,0.21136650977166438,19
379810,KODEX 미국나스닥100,23830,5038975,-0.038104464357794465,-0.018169832310164447,0.21198250432305965,19
494210,SOL 미국500타겟데일리커버드콜액티브,10680,13150,-0.017931034482758568,0.00688224757235778,0.18089340999557724,19
368590,RISE 미국나스닥100,26510,396709,-0.037749546279491786,-0.017420311341734607,0.2121073567738101,19
473460,KODEX 미국서학개미,21725,257757,-0.08368130245898187,-0.06518932874354566,0.3367585527935024,19
432840,HANARO 미국S&P500,18420,9584,-0.018542199488491007,0.004362050163576825,0.17805065234075212,18
491620,RISE 미국테크100데일리고정커버드콜,10265,500265,-0.048832468495181636,-0.03342749529190203,0.21666469124096244,18
476030,SOL 미국나스닥100,15050,199416,-0.03827720621125952,-0.019543973941368087,0.2087382539555056,18
367380,ACE 미국나스닥100,27340,954141,-0.03830595518660518,-0.01831238779174149,0.21166459847544772,18
494300,KODEX 미국나스닥100데일리커버드콜OTM,9545,1498232,-0.029979674796748013,-0.0024038461538461453,0.16430836789460845,18
482730,TIGER 미국S&P500타겟데일리커버드콜,11545,599782,-0.016693637679925044,0.0018222839291912596,0.177220352809218,18
464930,TIGER 글로벌혁신블루칩TOP10,18690,27451,-0.06713251809333665,-0.05767873348794994,0.1941728963005558,17
483570,KCGI 미국S&P500 TOP10,14520,5822,-0.053763440860215006,-0.06593760051463493,0.24742268041237114,17
486290,TIGER 미국나스닥100타겟데일리커버드콜,10090,1413446,-0.03794813119755913,-0.017143970387687557,0.20477611940298512,17
395290,HANARO Fn K-POP&미디어,9150,275749,0.001094091903719896,0.19529719137818424,0.11926605504587151,17
287180,PLUS 미국나스닥테크,41470,1858,-0.06903131664608819,-0.006706586826347283,0.1870616859882639,17
481190,SOL 미국테크TOP10,15550,312435,-0.0584317287314563,-0.0771513353115727,0.25880352950700236,16
0005A0,KODEX 미국S&P500데일리커버드콜OTM,9490,126777,-0.018106570098292862,0.005935976256094877,0.14821536600121,16
169950,KODEX 차이나A50,25465,7883,-0.01241031607523757,-0.005273437499999978,0.1857974388824215,16
463690,KODEX 미국S&P500커뮤니케이션,19100,2005,-0.023966477592110014,-0.0005232862375719183,0.16271991233944116,16
480030,ACE 미국500데일리타겟커버드콜(합성),10420,116435,-0.017815062682628002,0.00666602260651139,0.14317059791552378,16
465580,ACE 미국빅테크TOP7 Plus,21365,833407,-0.061085475719622084,-0.07885660084504609,0.25477183297116346,16
449780,KIWOOM 미국S&P500(H),16955,20750,-0.013096623981373678,0.02255593751884688,0.1594747999726458,15
248270,TIGER S&P글로벌헬스케어(합성),26210,11880,-0.007948523845571542,0.005755947812739803,0.0657070830283808,15
474220,TIGER 미국테크TOP10타겟커버드콜,14725,292777,-0.05134647596959152,-0.07021531855780772,0.23335287712538744,15
373790,KIWOOM 미국방어배당성장나스닥,16930,1029,0.06210790464240912,0.05142218357967954,0.08699839486356331,15
228790,TIGER 화장품,3695,3550695,-0.0040431266846361336,0.08997050147492636,0.3028913963328632,15
381170,TIGER 미국테크TOP10 INDXX,28640,1594139,-0.061291379875450636,-0.07892197851675564,0.25481948825797396,15
449180,KODEX 미국S&P500(H),15530,376997,-0.014281180577594421,0.022652443039641756,0.15938783128032852,14
448290,TIGER 미국S&P500(H),16100,174220,-0.014687882496939975,0.022157323344549562,0.15860679332181915,14
371470,TIGER 차이나바이오테크SOLACTIVE,8455,63971,-0.039204545454545436,-0.06688003531619024,0.3262745098039215,14
269540,PLUS 미국S&P500(H),27260,18719,-0.014995483288166245,0.01583752561952667,0.16306852120488102,14
494410,PLUS 미국S&P500성장주,12735,19503,-0.04528075567883649,-0.0374149659863946,0.20676584857386526,14
453330,RISE 미국S&P500(H),16350,36166,-0.014407137259629832,0.022833906787613323,0.1599858105711245,14
453640,KODEX 미국S&P500헬스케어,13610,47465,-0.01966433767917597,-0.013982467579511715,0.04780968511817685,13
219480,KODEX 미국S&P500선물(H),29980,9700,-0.014140085498191346,0.020526262041733245,0.15378694581280783,13
483240,TIGER 미국나스닥100ETF선물,12070,9497,-0.04509493670886078,-0.032464929859719494,0.18217433888344758,13
276970,KODEX 미국S&P500배당귀족커버드콜(합성 H),8215,19620,0.042512690355329896,0.10535522066738423,0.027131782945736482,13
448300,TIGER 미국나스닥100(H),19610,171015,-0.03848982593772987,-0.003101011641502671,0.18920557913887204,13
304940,KODEX 미국나스닥100선물(H),27825,5940,-0.03886010362694303,-0.004507888805409421,0.17802709568162567,12
453080,KIWOOM 미국나스닥100(H),19640,41893,-0.03843329253365968,-0.004864207539521659,0.18021753500390592,12
261920,ACE MSCI필리핀(합성),14680,246,0.05992779783393498,0.08942486085343226,0.07255059545554166,12
427120,RISE AI플랫폼,7790,22442,-0.013924050632911356,0.09425481106897027,0.11925287356321834,12
494420,PLUS 미국배당증가성장주데일리커버드콜,9515,24381,-0.00937011972930768,0.012772751463544507,0.10434076137418757,12
449190,KODEX 미국나스닥100(H),19005,337080,-0.03869499241274654,-0.0024145714135740404,0.18632958801498134,12
143850,TIGER 미국S&P500선물(H),70545,8166,-0.016520284399832663,0.014802347660970216,0.13784093291827282,11
472160,TIGER 미국테크TOP10 INDXX(H),16960,321745,-0.05777777777777782,-0.06298342541436464,0.2223423423423423,11
475350,RISE 버크셔포트폴리오TOP10,14175,63426,0.02125360230547546,-0.01212628057704368,0.09892239708504524,11
354350,HANARO 글로벌럭셔리S&P(합성),22150,5843,0.012802926383173263,0.015822059160742974,0.07419980601357912,11
364990,TIGER 게임TOP10,5560,434543,-0.02026431718061672,0.07647628267182971,0.12664640324214793,11
489290,WON 미국빌리어네어,14615,23912,-0.05922111361441906,-0.054962819269317786,0.21135515955242434,11
477490,에셋플러스 글로벌일등기업포커스10액티브,17835,810,-0.06353373588868472,-0.08067010309278355,0.18034414295168766,10
476690,TIGER 글로벌비만치료제TOP2Plus,10180,65022,-0.09815733522324588,-0.008763388510223957,-0.036441079034548074,10
435040,ACE 글로벌브랜드TOP10,19330,2729,-0.011202619059798469,-0.03725470664408803,0.12599755344556418,10
0004G0,1Q 미국배당TOP30,9590,18097,0.04637206764866342,0.08214849921011069,0.015352038115405087,10
438900,HANARO Fn K-푸드,12445,81046,0.06458511548331902,0.0632208457923964,0.0977330863544148,10
461900,PLUS 미국테크TOP10,20610,6350,-0.06318181818181823,-0.08521970705725701,0.21242426025060301,10
453660,KODEX 미국S&P500경기소비재,17985,6681,-0.059312725560960344,-0.00750510457480269,0.10710987996306565,9
473590,ACE 미국주식베스트셀러,19005,46112,-0.10522598870056499,-0.06356245380635628,0.1852937507795933,9
395280,HANARO Fn K-게임,4110,29667,-0.021428571428571463,0.07310704960835501,0.04713375796178343,9
464610,SOL 의료기기소부장Fn,11260,52844,0.015787099684257955,0.1082677165354331,0.12196094061379026,9
476070,KODEX 글로벌비만치료제TOP2 Plus,10640,54505,-0.13029262710478995,-0.07155322862129143,-0.014267185473411104,9
499150,SOL 미국S&P500엔화노출(H),10485,1499,-0.03657079849306255,-0.007008239416611439,0.06913429183236475,8
451150,에셋플러스 글로벌영에이지액티브,18995,116,-0.029629629629629672,-0.02689549180327866,0.15717331708802917,8
453650,KODEX 미국S&P500금융,18435,43433,-0.028612077141953796,-0.011475146120435431,0.048455894898481455,8
426330,KIWOOM 미국ETF산업STOXX,15760,613,-0.044848484848484804,0.019075331393469064,0.05326471964178303,8
300610,TIGER K게임,6865,58899,-0.045201668984701016,0.07098283931357252,0.02462686567164174,8
479730,TIGER 인도빌리언컨슈머,10815,21760,0.031571919114841585,-0.043174378483588405,0.17605480643758153,8
462340,에셋플러스 글로벌다이나믹시니어액티브,16165,14,-0.06722446624350842,-0.05107132374523038,0.06629287598944589,7
476310,RISE 글로벌비만산업TOP2+,9405,5616,-0.11896955503512885,-0.05315614617940201,-0.10802352048558417,7
300640,RISE 게임테마,8055,54460,-0.05402231356429832,0.05986842105263168,0.002613890963405474,7
407830,에셋플러스 글로벌플랫폼액티브,14770,12326,-0.10484848484848486,-0.10836100211288857,0.16070726915520628,7
300950,KODEX 게임산업,6575,116907,-0.043636363636363584,0.058776167471819685,0.013097072419106404,7
474920,에셋플러스 차이나일등기업포커스10액티브,16605,3472,-0.06424344885883349,-0.06974789915966384,0.08211143695014655,7
265690,ACE 러시아MSCI(합성),8535,0,0.0,0.0,0.0,6
310080,RISE 중국MSCI China(H),10345,6620,-0.058004006556182874,-0.043015726179463476,0.02792130365659773,6
472350,1Q 차이나H(H),16235,157,-0.024632021628116507,-0.024221661257362692,0.006197706848465989,6
245360,TIGER 차이나HSCEI,13375,101410,-0.05040823571175013,-0.05175469691598722,0.0026988529874802936,6
099140,KODEX 차이나H,23280,17482,-0.05196286040071674,-0.05250305250305254,0.0041407867494824835,6
487920,ACE 인도시장대표BIG5그룹액티브,8715,19463,0.04559088182363524,-0.026256983240223408,0.06605504587155964,6
456250,KODEX 유럽명품TOP10 STOXX,10480,34545,-0.014018251952206184,-0.07075722645859195,-0.05038057267125773,5
487910,ACE 인도컨슈머파워액티브,9350,5463,0.08784176847004077,-0.06546726636681655,0.05115233277121978,5
453870,TIGER 인도니프티50,13260,254829,0.007675355270157391,-0.0718185636287274,0.07638607029791378,5
453810,KODEX 인도Nifty50,13560,272622,0.010131108462455352,-0.06848938654942638,0.07567824845311755,5
395150,KODEX 웹툰&드라마,3035,90695,-0.028800000000000048,0.03231292517006801,-0.02536929993577397,5
250730,RISE 차이나HSCEI(H),10395,8003,-0.04105166051660514,-0.027413922155688608,0.009615384615384581,5
200250,KIWOOM 인도Nifty50(합성),24830,45369,0.009554787558446742,-0.07125490929493172,0.0543524416135881,4
117690,TIGER 차이나항셍30,21430,9222,-0.060087719298245634,-0.07990210811042897,-0.033334836934458045,4
314250,KODEX 미국빅테크10(H),49390,104335,-0.07847600567206503,-0.12226763817309405,0.11462165150865467,4
477730,KODEX 인도타타그룹,8645,12730,0.022592855453039906,-0.02028558476881237,-0.015487985423072503,4
228810,TIGER 미디어컨텐츠,5800,682855,-0.030910609857978333,0.0964083175803403,0.009573542210618013,4
400580,SOL 유럽탄소배출권선물S&P(H),10085,893,-0.1827390599675851,-0.14170212765957446,0.017658930373360304,3
483330,ACE 마이크로소프트밸류체인액티브,11605,21404,-0.08042789223454838,-0.08376756671403762,-0.027160700813144478,3
400570,KODEX 유럽탄소배출권선물ICE(H),9885,28012,-0.17556296914095082,-0.1321334503950834,0.010736196319018454,3
400590,SOL 글로벌탄소배출권선물ICE(합성),12180,2955,-0.20157325467059983,-0.16213799270826168,0.04459691252144071,3
454180,KIWOOM 차이나내수소비TOP CSI,9035,2348,-0.011920384951880969,-0.034515922205599514,-0.07730800653594772,3
428560,KODEX 미국ETF산업Top10 Indxx,16240,20160,-0.08061594202898548,-0.0190867359265523,-0.0650546919976972,3
401590,HANARO 글로벌탄소배출권선물ICE(합성),9785,5975,-0.20155038759689925,-0.1648173438033459,0.03479272419627755,2
0015K0,TIGER 미국소비트렌드액티브,7645,8464,-0.07333333333333336,-0.05477250247279919,-0.11923963133640558,2
371150,RISE 차이나항셍테크,7920,68715,-0.11061201572150481,-0.10538800406641813,-0.15994908782350448,2
371160,TIGER 차이나항셍테크,8125,2196496,-0.1110503282275711,-0.10566868464501922,-0.1566327589786174,2
280320,ACE 미국IT인터넷(합성 H),18310,226,-0.08882806668325449,-0.09307048392689088,-0.04600635648413487,2
372330,KODEX 차이나항셍테크,8105,236889,-0.11031833150384196,-0.10342920353982299,-0.15281697501829206,2
371450,TIGER 글로벌클라우드컴퓨팅INDXX,9720,54530,-0.14511873350923488,-0.1793313069908815,-0.19689333223167804,1
481180,SOL 미국AI소프트웨어,11820,334124,-0.1658433309809456,-0.19151846785225723,-0.09695163878065549,1
371870,ACE 차이나항셍테크,7845,19341,-0.11655405405405406,-0.11195381480642974,-0.16382434448944783,1
256440,ACE MSCI인도네시아(합성),8150,19379,-0.05507246376811592,-0.10073926955754164,-0.07005933363760841,1
412770,TIGER 글로벌AI플랫폼액티브,11230,53487,-0.14209320091673028,-0.16753150481838397,-0.058991117814647276,1
0002C0,에셋플러스 인도일등기업포커스20액티브,9445,2437,0.006929637526652543,-0.13348623853211006,-0.038187372708757605,1
418670,TIGER 글로벌AI사이버보안,11060,167889,-0.17401045556385364,-0.20540268697463904,-0.273372314565403,0
360150,KODEX 코스닥150롱코스피200숏선물,5905,207084,-0.11336336336336339,-0.1764295676429568,-0.39497950819672134,0
